{
  "L0H0": 0.0076171875,
  "L0H1": 0.0076171875,
  "L0H2": 0.0076171875,
  "L0H3": 0.0076171875,
  "L0H4": 0.0076171875,
  "L0H5": 0.0076171875,
  "L0H6": 0.0076171875,
  "L0H7": 0.0076171875,
  "L1H0": 0.007377772177419355,
  "L1H1": 0.007377772177419355,
  "L1H2": 0.007377772177419355,
  "L1H3": 0.007377772177419355,
  "L1H4": 0.007377772177419355,
  "L1H5": 0.007377772177419355,
  "L1H6": 0.007377772177419355,
  "L1H7": 0.007377772177419355,
  "L2H0": 0.00713835685483871,
  "L2H1": 0.00713835685483871,
  "L2H2": 0.00713835685483871,
  "L2H3": 0.00713835685483871,
  "L2H4": 0.00713835685483871,
  "L2H5": 0.00713835685483871,
  "L2H6": 0.00713835685483871,
  "L2H7": 0.00713835685483871,
  "L3H0": 0.0068989415322580645,
  "L3H1": 0.0068989415322580645,
  "L3H2": 0.0068989415322580645,
  "L3H3": 0.0068989415322580645,
  "L3H4": 0.0068989415322580645,
  "L3H5": 0.0068989415322580645,
  "L3H6": 0.0068989415322580645,
  "L3H7": 0.0068989415322580645,
  "L4H0": 0.006659526209677419,
  "L4H1": 0.006659526209677419,
  "L4H2": 0.006659526209677419,
  "L4H3": 0.006659526209677419,
  "L4H4": 0.006659526209677419,
  "L4H5": 0.006659526209677419,
  "L4H6": 0.006659526209677419,
  "L4H7": 0.006659526209677419,
  "L5H0": 0.006420110887096774,
  "L5H1": 0.006420110887096774,
  "L5H2": 0.006420110887096774,
  "L5H3": 0.006420110887096774,
  "L5H4": 0.006420110887096774,
  "L5H5": 0.006420110887096774,
  "L5H6": 0.006420110887096774,
  "L5H7": 0.006420110887096774,
  "L6H0": 0.006180695564516129,
  "L6H1": 0.006180695564516129,
  "L6H2": 0.006180695564516129,
  "L6H3": 0.006180695564516129,
  "L6H4": 0.006180695564516129,
  "L6H5": 0.006180695564516129,
  "L6H6": 0.006180695564516129,
  "L6H7": 0.006180695564516129,
  "L7H0": 0.005941280241935484,
  "L7H1": 0.005941280241935484,
  "L7H2": 0.005941280241935484,
  "L7H3": 0.005941280241935484,
  "L7H4": 0.005941280241935484,
  "L7H5": 0.005941280241935484,
  "L7H6": 0.005941280241935484,
  "L7H7": 0.005941280241935484,
  "L8H0": 0.005701864919354839,
  "L8H1": 0.005701864919354839,
  "L8H2": 0.005701864919354839,
  "L8H3": 0.005701864919354839,
  "L8H4": 0.005701864919354839,
  "L8H5": 0.005701864919354839,
  "L8H6": 0.005701864919354839,
  "L8H7": 0.005701864919354839,
  "L9H0": 0.005462449596774194,
  "L9H1": 0.005462449596774194,
  "L9H2": 0.005462449596774194,
  "L9H3": 0.005462449596774194,
  "L9H4": 0.005462449596774194,
  "L9H5": 0.005462449596774194,
  "L9H6": 0.005462449596774194,
  "L9H7": 0.005462449596774194,
  "L10H0": 0.005223034274193548,
  "L10H1": 0.005223034274193548,
  "L10H2": 0.005223034274193548,
  "L10H3": 0.005223034274193548,
  "L10H4": 0.005223034274193548,
  "L10H5": 0.005223034274193548,
  "L10H6": 0.005223034274193548,
  "L10H7": 0.005223034274193548,
  "L11H0": 0.0049836189516129035,
  "L11H1": 0.0049836189516129035,
  "L11H2": 0.0049836189516129035,
  "L11H3": 0.0049836189516129035,
  "L11H4": 0.0049836189516129035,
  "L11H5": 0.0049836189516129035,
  "L11H6": 0.0049836189516129035,
  "L11H7": 0.0049836189516129035,
  "L12H0": 0.004744203629032258,
  "L12H1": 0.004744203629032258,
  "L12H2": 0.004744203629032258,
  "L12H3": 0.004744203629032258,
  "L12H4": 0.004744203629032258,
  "L12H5": 0.004744203629032258,
  "L12H6": 0.004744203629032258,
  "L12H7": 0.004744203629032258,
  "L13H0": 0.004504788306451613,
  "L13H1": 0.004504788306451613,
  "L13H2": 0.004504788306451613,
  "L13H3": 0.004504788306451613,
  "L13H4": 0.004504788306451613,
  "L13H5": 0.004504788306451613,
  "L13H6": 0.004504788306451613,
  "L13H7": 0.004504788306451613,
  "L14H0": 0.004265372983870967,
  "L14H1": 0.004265372983870967,
  "L14H2": 0.004265372983870967,
  "L14H3": 0.004265372983870967,
  "L14H4": 0.004265372983870967,
  "L14H5": 0.004265372983870967,
  "L14H6": 0.004265372983870967,
  "L14H7": 0.004265372983870967,
  "L15H0": 0.004025957661290323,
  "L15H1": 0.004025957661290323,
  "L15H2": 0.004025957661290323,
  "L15H3": 0.004025957661290323,
  "L15H4": 0.004025957661290323,
  "L15H5": 0.004025957661290323,
  "L15H6": 0.004025957661290323,
  "L15H7": 0.004025957661290323,
  "L16H0": 0.0037865423387096774,
  "L16H1": 0.0037865423387096774,
  "L16H2": 0.0037865423387096774,
  "L16H3": 0.0037865423387096774,
  "L16H4": 0.0037865423387096774,
  "L16H5": 0.0037865423387096774,
  "L16H6": 0.0037865423387096774,
  "L16H7": 0.0037865423387096774,
  "L17H0": 0.0035471270161290328,
  "L17H1": 0.0035471270161290328,
  "L17H2": 0.0035471270161290328,
  "L17H3": 0.0035471270161290328,
  "L17H4": 0.0035471270161290328,
  "L17H5": 0.0035471270161290328,
  "L17H6": 0.0035471270161290328,
  "L17H7": 0.0035471270161290328,
  "L18H0": 0.0033077116935483876,
  "L18H1": 0.0033077116935483876,
  "L18H2": 0.0033077116935483876,
  "L18H3": 0.0033077116935483876,
  "L18H4": 0.0033077116935483876,
  "L18H5": 0.0033077116935483876,
  "L18H6": 0.0033077116935483876,
  "L18H7": 0.0033077116935483876,
  "L19H0": 0.0030682963709677416,
  "L19H1": 0.0030682963709677416,
  "L19H2": 0.0030682963709677416,
  "L19H3": 0.0030682963709677416,
  "L19H4": 0.0030682963709677416,
  "L19H5": 0.0030682963709677416,
  "L19H6": 0.0030682963709677416,
  "L19H7": 0.0030682963709677416,
  "L20H0": 0.0028288810483870965,
  "L20H1": 0.0028288810483870965,
  "L20H2": 0.0028288810483870965,
  "L20H3": 0.0028288810483870965,
  "L20H4": 0.0028288810483870965,
  "L20H5": 0.0028288810483870965,
  "L20H6": 0.0028288810483870965,
  "L20H7": 0.0028288810483870965,
  "L21H0": 0.0025894657258064514,
  "L21H1": 0.0025894657258064514,
  "L21H2": 0.0025894657258064514,
  "L21H3": 0.0025894657258064514,
  "L21H4": 0.0025894657258064514,
  "L21H5": 0.0025894657258064514,
  "L21H6": 0.0025894657258064514,
  "L21H7": 0.0025894657258064514,
  "L22H0": 0.0023500504032258063,
  "L22H1": 0.0023500504032258063,
  "L22H2": 0.0023500504032258063,
  "L22H3": 0.0023500504032258063,
  "L22H4": 0.0023500504032258063,
  "L22H5": 0.0023500504032258063,
  "L22H6": 0.0023500504032258063,
  "L22H7": 0.0023500504032258063,
  "L23H0": 0.002110635080645162,
  "L23H1": 0.002110635080645162,
  "L23H2": 0.002110635080645162,
  "L23H3": 0.002110635080645162,
  "L23H4": 0.002110635080645162,
  "L23H5": 0.002110635080645162,
  "L23H6": 0.002110635080645162,
  "L23H7": 0.002110635080645162,
  "L24H0": 0.001871219758064517,
  "L24H1": 0.001871219758064517,
  "L24H2": 0.001871219758064517,
  "L24H3": 0.001871219758064517,
  "L24H4": 0.001871219758064517,
  "L24H5": 0.001871219758064517,
  "L24H6": 0.001871219758064517,
  "L24H7": 0.001871219758064517,
  "L25H0": 0.001631804435483871,
  "L25H1": 0.001631804435483871,
  "L25H2": 0.001631804435483871,
  "L25H3": 0.001631804435483871,
  "L25H4": 0.001631804435483871,
  "L25H5": 0.001631804435483871,
  "L25H6": 0.001631804435483871,
  "L25H7": 0.001631804435483871,
  "L26H0": 0.0013923891129032258,
  "L26H1": 0.0013923891129032258,
  "L26H2": 0.0013923891129032258,
  "L26H3": 0.0013923891129032258,
  "L26H4": 0.0013923891129032258,
  "L26H5": 0.0013923891129032258,
  "L26H6": 0.0013923891129032258,
  "L26H7": 0.0013923891129032258,
  "L27H0": 0.0011529737903225807,
  "L27H1": 0.0011529737903225807,
  "L27H2": 0.0011529737903225807,
  "L27H3": 0.0011529737903225807,
  "L27H4": 0.0011529737903225807,
  "L27H5": 0.0011529737903225807,
  "L27H6": 0.0011529737903225807,
  "L27H7": 0.0011529737903225807,
  "L28H0": 0.0009135584677419355,
  "L28H1": 0.0009135584677419355,
  "L28H2": 0.0009135584677419355,
  "L28H3": 0.0009135584677419355,
  "L28H4": 0.0009135584677419355,
  "L28H5": 0.0009135584677419355,
  "L28H6": 0.0009135584677419355,
  "L28H7": 0.0009135584677419355,
  "L29H0": 0.0006741431451612913,
  "L29H1": 0.0006741431451612913,
  "L29H2": 0.0006741431451612913,
  "L29H3": 0.0006741431451612913,
  "L29H4": 0.0006741431451612913,
  "L29H5": 0.0006741431451612913,
  "L29H6": 0.0006741431451612913,
  "L29H7": 0.0006741431451612913,
  "L30H0": 0.0004347278225806453,
  "L30H1": 0.0004347278225806453,
  "L30H2": 0.0004347278225806453,