{
  "L5H0": 0.008624999999999994,
  "L5H1": 0.0006249999999999936,
  "L5H2": 0.010624999999999996,
  "L5H3": 0.0006249999999999936,
  "L5H4": 0.0006249999999999936,
  "L5H5": 0.0006249999999999936,
  "L5H6": 0.015625,
  "L5H7": 0.015625,
  "L11H0": 0.007624999999999994,
  "L11H1": 0.010624999999999996,
  "L11H2": 0.013624999999999998,
  "L11H3": 0.015625,
  "L11H4": 0.015625,
  "L11H5": 0.007624999999999994,
  "L11H6": 0.015625,
  "L11H7": 0.010624999999999996,
  "L17H0": 0.020625000000000004,
  "L17H1": 0.021625000000000005,
  "L17H2": 0.013624999999999998,
  "L17H3": 0.012624999999999997,
  "L17H4": 0.020625000000000004,
  "L17H5": 0.04962500000000003,
  "L17H6": 0.02862500000000001,
  "L17H7": 0.018625000000000003,
  "L23H0": 0.0006249999999999936,
  "L23H1": 0.043625000000000025,
  "L23H2": 0.05162500000000003,
  "L23H3": 0.04062500000000002,
  "L23H4": 0.03762500000000002,
  "L23H5": 0.015625,
  "L23H6": 0.018625000000000003,
  "L23H7": 0.0006249999999999936,
  "L29H0": 0.03762500000000002,
  "L29H1": 0.06262500000000004,
  "L29H2": 0.0026249999999999937,
  "L29H3": 0.007624999999999994,
  "L29H4": 0.012624999999999997,
  "L29H5": 0.04762500000000003,
  "L29H6": 0.016625,
  "L29H7": 0.0006249999999999936,
  "L35H0": 0.0006249999999999936,
  "L35H1": 0.015625,
  "L35H2": 0.017625000000000002,
  "L35H3": 0.015625,
  "L35H4": 0.013624999999999998,
  "L35H5": 0.007624999999999994,
  "L35H6": 0.022625000000000006,
  "L35H7": 0.0006249999999999936,
  "L41H0": 0.015625,
  "L41H1": 0.015625,
  "L41H2": 0.031625000000000014,
  "L41H3": 0.0006249999999999936,
  "L41H4": 0.004624999999999994,
  "L41H5": 0.009624999999999995,
  "L41H6": 0.021625000000000005,
  "L41H7": 0.021625000000000005,
  "L47H0": 0.011624999999999996,
  "L47H1": 0.013624999999999998,
  "L47H2": 0.006624999999999994,
  "L47H3": 0.0006249999999999936,
  "L47H4": 0.0026249999999999937,
  "L47H5": 0.015625,
  "L47H6": 0.0006249999999999936,
  "L47H7": 0.0006249999999999936
}