{
  "L0H0": 0.014731017159369617,
  "L0H1": 0.004934473153163826,
  "L0H2": 0.005283842055727758,
  "L0H3": 0.004862655235492334,
  "L0H4": 0.007720439499592904,
  "L0H5": 0.005434834942073176,
  "L0H6": 0.002591684722798465,
  "L0H7": 0.002656305295654192,
  "L10H0": 0.0059638952141015,
  "L10H1": 0.0029974224880702106,
  "L10H2": 0.0029348459192139395,
  "L10H3": 0.0026531956937483384,
  "L10H4": 0.0020249990787350263,
  "L10H5": 0.0012995569756895323,
  "L10H6": 0.004087549788293581,
  "L10H7": 0.00355671177144695,
  "L11H0": 0.0020063760599437217,
  "L11H1": 0.0029146139927490747,
  "L11H2": 0.016259068878744606,
  "L11H3": 0.002902301715997942,
  "L11H4": 0.0030762459563639425,
  "L11H5": 0.0038948302400901606,
  "L11H6": 0.003336534035095927,
  "L11H7": 0.00263894020784942,
  "L12H0": 0.0022438388086998525,
  "L12H1": 0.002269497491173495,
  "L12H2": 0.002825369120059893,
  "L12H3": 0.002649049160807074,
  "L12H4": 0.0019399981540795766,
  "L12H5": 0.0021585004282019026,
  "L12H6": 0.013314228692076758,
  "L12H7": 0.006999578617729303,
  "L13H0": 0.007488120667457248,
  "L13H1": 0.001137280377536079,
  "L13H2": 0.01226633654296178,
  "L13H3": 0.035784259419253825,
  "L13H4": 0.004067255326807299,
  "L13H5": 0.0017770768828085312,
  "L13H6": 0.0014345366668208886,
  "L13H7": 0.02069843956656078,
  "L14H0": 0.004412523930479342,
  "L14H1": 0.003389164439929404,
  "L14H2": 0.002762092656089191,
  "L14H3": 0.009074920350022485,
  "L14H4": 0.0019406669565226711,
  "L14H5": 0.0034869179091283177,
  "L14H6": 0.004256562066497063,
  "L14H7": 0.0009785693840361177,
  "L15H0": 0.0011657863061581017,
  "L15H1": 0.0052029544321656905,
  "L15H2": 0.02070294391903469,
  "L15H3": 0.00860154224653764,
  "L15H4": 0.00285665919248657,
  "L15H5": 0.0013417851223049785,
  "L15H6": 0.003259200192273962,
  "L15H7": 0.00204737110656549,
  "L16H0": 0.0029687180599965056,
  "L16H1": 0.0018238764929433666,
  "L16H2": 0.0017807443831281493,
  "L16H3": 0.0008026731631854503,
  "L16H4": 0.0013671297626777078,
  "L16H5": 0.009650990568405604,
  "L16H6": 0.0011677218990006704,
  "L16H7": 0.0022909233363962124,
  "L17H0": 0.0012822597218885002,
  "L17H1": 0.0064128835839710515,
  "L17H2": 0.00038115656958097896,
  "L17H3": 0.004031787334726832,
  "L17H4": 0.003881384037448302,
  "L17H5": 0.005401213535168751,
  "L17H6": 0.011658688093164763,
  "L17H7": 0.00039046355353999104,
  "L18H0": 8.99774864316165e-05,
  "L18H1": 0.0026183460158401067,
  "L18H2": 0.0015678428567537442,
  "L18H3": 0.006457635419908738,
  "L18H4": 0.00780188250891182,
  "L18H5": 0.005268833425827917,
  "L18H6": 0.0024147523970110265,
  "L18H7": 0.001745108834097583,
  "L19H0": 0.0019454713944780423,
  "L19H1": 0.000516482439886748,
  "L19H2": 0.0003985906977689661,
  "L19H3": 0.00670677209665881,
  "L19H4": 0.0004860882781923332,
  "L19H5": 0.00014958249522513035,
  "L19H6": 0.02100350638871793,
  "L19H7": 0.002150735002352564,
  "L1H0": 0.0015200102475863408,
  "L1H1": 0.0012098307651646537,
  "L1H2": 0.0004605508707866106,
  "L1H3": 0.0014524295254314983,
  "L1H4": 0.0011736521496341795,
  "L1H5": 0.0007406425389033774,
  "L1H6": 0.0005152359155606221,
  "L1H7": 0.0029372843651276994,
  "L20H0": 0.00029606614923240643,
  "L20H1": 0.000684105964829005,
  "L20H2": 0.0031211249771311562,
  "L20H3": 0.01009526582401798,
  "L20H4": 0.010504450468819993,
  "L20H5": 0.009045331112817263,
  "L20H6": 0.002182701491992427,
  "L20H7": 0.00916401082910825,
  "L21H0": 6.821816454208627e-05,
  "L21H1": 0.0008274378690851479,
  "L21H2": 0.015567786398793974,
  "L21H3": 0.0003204996019016021,
  "L21H4": 0.0031058697494560387,
  "L21H5": 0.011091614860491579,
  "L21H6": 0.003526680252034118,
  "L21H7": 0.0020268915808636717,
  "L22H0": 0.00034825091951613504,
  "L22H1": 0.00829212491808694,
  "L22H2": 0.0005898018693383773,
  "L22H3": 0.00046694293763249116,
  "L22H4": 0.001035268154199779,
  "L22H5": 0.015985609517402764,
  "L22H6": 0.0002615515701457079,
  "L22H7": 0.00022199197056890747,
  "L23H0": 0.0004394068182832111,
  "L23H1": 0.012044575526186992,
  "L23H2": 0.0102323155592327,
  "L23H3": 0.00907755666215563,
  "L23H4": 8.763011674513437e-05,
  "L23H5": 0.001148111603039279,
  "L23H6": 0.00012411795363615955,
  "L23H7": 0.007579904553899725,
  "L24H0": 0.00012983101962312058,
  "L24H1": 0.00920386453992961,
  "L24H2": 0.004035683847838745,
  "L24H3": 0.009173334849264223,
  "L24H4": 0.0015052912214711773,
  "L24H5": 0.01455303869308206,
  "L24H6": 0.0014385590573514778,
  "L24H7": 0.007967456858230368,
  "L25H0": 0.00016494871969709732,
  "L25H1": 0.00024692607041932967,
  "L25H2": 0.005538722611886667,
  "L25H3": 0.0003017466263740708,
  "L25H4": 0.00011192162866685462,
  "L25H5": 0.0006670526645989471,
  "L25H6": 0.000244312386071959,
  "L25H7": 0.001441498695157945,
  "L26H0": 8.298638243530416e-05,
  "L26H1": 0.0005583205393236165,
  "L26H2": 6.821816454208627e-05,
  "L26H3": 0.004158261049550275,
  "L26H4": 0.0033613996440521555,
  "L26H5": 0.0007813837958854679,
  "L26H6": 0.005160591044967751,
  "L26H7": 0.004478084180810568,
  "L27H0": 8.292876258601765e-05,
  "L27H1": 7.723923606315779e-05,
  "L27H2": 0.00014415370333800513,
  "L27H3": 0.00042301777088495996,
  "L27H4": 0.006008899717171785,
  "L27H5": 0.00016987878685418453,
  "L27H6": 0.00014997525300579573,
  "L27H7": 0.0012030083812131036,
  "L28H0": 0.009168490778200799,
  "L28H1": 0.00013097406067590764,
  "L28H2": 0.0041381536398085806,
  "L28H3": 0.001677312937493461,
  "L28H4": 0.002905434873536934,
  "L28H5": 0.0042137776863191605,
  "L28H6": 6.821816454208627e-05,
  "L28H7": 7.297463333965096e-05,
  "L29H0": 0.006099935621036894,
  "L29H1": 0.0025772554710247813,
  "L29H2": 0.012823441300664923,
  "L29H3": 0.011481745530239023,
  "L29H4": 0.00010480371752504842,
  "L29H5": 7.047285429677602e-05,
  "L29H6": 0.0023695973369328048,
  "L29H7": 9.162342282177377e-05,
  "L2H0": 0.0007895189004456984,
  "L2H1": 0.0007882615690334663,
  "L2H2": 0.0008059835911914127,
  "L2H3": 0.0009318819586991366,
  "L2H4": 0.0008661744095142416,
  "L2H5": 0.0009346942677902946,
  "L2H6": 0.0007921942778480958,
  "L2H7": 0.013536118097750688,
  "L30H0": 0.0001987195079038097,
  "L30H1": 0.004402258349348709,
  "L30H2": 0.0040260808740570225,
  "L30H3": 0.0001493172784662635,
  "L30H4": 0.0006071197645008475,
  "L30H5": 0.00020945069403818412,
  "L30H6": 0.004443017670890009,
  "L30H7": 6.821816454208627e-05,
  "L31H0": 0.0004637320859181435,
  "L31H1": 0.004182455939494479,
  "L31H2": 0.000553795350383799,
  "L31H3": 0.003709941282213111,
  "L31H4": 0.0001078735933688193,
  "L31H5": 0.0008556230890992715,
  "L31H6": 9.064952210828973e-05,
  "L31H7": 0.007113196385208108,
  "L32H0": 0.004835646759777334,
  "L32H1": 0.0027308702412845815,
  "L32H2": 0.005900734319321927,
  "L32H3": 0.00019311017521486613,
  "L32H4": 0.00011951195653943756,
  "L32H5": 0.00018895048776465355,
  "L32H6": 0.00015636660124054963,
  "L32H7": 6.821816454208627e-05,
  "L33H0": 0.00015029250241530928,
  "L33H1": 0.001001224422485993,
  "L33H2": 0.0030999425636370056,
  "L33H3": 0.004688240839320506,
  "L33H4": 0.003595627077555727,
  "L33H5": 0.0013782699998604647,
  "L33H6": 7.372962838688345e-05,
  "L33H7": 0.006711072997465024,
  "L34H0": 0.003969954796215855,
  "L34H1": 0.0010944195622587243,
  "L34H2": 0.0007352353263396698,
  "L34H3": 7.047285429677602e-05,
  "L34H4": 0.0014484026503100975,
  "L34H5": 0.0010166903804923863,
  "L34H6": 6.821816454208627e-05,
  "L34H7": 0.004837304379408823,
  "L35H0": 0.0028850092037276407,
  "L35H1": 0.001468080063844842,
  "L35H2": 0.0009512880386866018,
  "L35H3": 0.0011267866116055918,
  "L35H4": 0.0023787701770205463,
  "L35H5": 0.002483211315849791,
  "L35H6": 0.0014462858298905147,
  "L35H7": 0.00021784087643834889,
  "L3H0": 0.000803505220997807,
  "L3H1": 0.008191364642432987,
  "L3H2": 0.0011128563943848028,
  "L3H3": 0.003750354864070788,
  "L3H4": 0.0007958974776947559,
  "L3H5": 0.0010633128006754576,
  "L3H6": 0.0007367099023544452,