{
  "L0H0": 0.015621396771918875,
  "L0H1": 0.005637040402218856,
  "L0H2": 0.007697075194768382,
  "L0H3": 0.005299433200504051,
  "L0H4": 0.006083695360252778,
  "L0H5": 0.008482122332236568,
  "L0H6": 0.0044996784904250044,
  "L0H7": 0.004560008042100085,
  "L10H0": 0.0057228943034635035,
  "L10H1": 0.003725159219600362,
  "L10H2": 0.0035778378298214333,
  "L10H3": 0.002745773433123342,
  "L10H4": 0.001741038606403777,
  "L10H5": 0.0021966985236698366,
  "L10H6": 0.004804414989170953,
  "L10H7": 0.0033043211218631947,
  "L11H0": 0.00254242386708494,
  "L11H1": 0.0032500390956258307,
  "L11H2": 0.012103409450863443,
  "L11H3": 0.003615990848037073,
  "L11H4": 0.0033401727920263683,
  "L11H5": 0.004245460601250922,
  "L11H6": 0.0033229379020756475,
  "L11H7": 0.0028229925936761094,
  "L12H0": 0.005573851900003259,
  "L12H1": 0.003009566928823358,
  "L12H2": 0.003212987927525654,
  "L12H3": 0.003140737150926054,
  "L12H4": 0.0017323139261843216,
  "L12H5": 0.0030470480166763484,
  "L12H6": 0.011071067519389376,
  "L12H7": 0.006755201955396921,
  "L13H0": 0.005301177377726336,
  "L13H1": 0.0011005506644696252,
  "L13H2": 0.01001654933260739,
  "L13H3": 0.018219064770748854,
  "L13H4": 0.004351830921214996,
  "L13H5": 0.003382036961574323,
  "L13H6": 0.002649000510795583,
  "L13H7": 0.014040000221413992,
  "L14H0": 0.006465744002537866,
  "L14H1": 0.004520862102939878,
  "L14H2": 0.0028721232017147624,
  "L14H3": 0.008501666974818155,
  "L14H4": 0.0027274657948436693,
  "L14H5": 0.004409304893958989,
  "L14H6": 0.004208993730740797,
  "L14H7": 0.0007986545062105901,
  "L15H0": 0.00223472994736572,
  "L15H1": 0.00614884494479465,
  "L15H2": 0.011460328193847309,
  "L15H3": 0.007622377732309763,
  "L15H4": 0.0035846922251292364,
  "L15H5": 0.004920470322677297,
  "L15H6": 0.003891231168960822,
  "L15H7": 0.0046207903619350284,
  "L16H0": 0.003884289021871838,
  "L16H1": 0.0026393018071118155,
  "L16H2": 0.0023736950638668457,
  "L16H3": 0.002315294707511461,
  "L16H4": 0.0016981340188418873,
  "L16H5": 0.009845837815468756,
  "L16H6": 0.0010717304056523434,
  "L16H7": 0.0026562330826298843,
  "L17H0": 0.003516798656031378,
  "L17H1": 0.005938695969042207,
  "L17H2": 0.0004374688589437054,
  "L17H3": 0.004930113266969556,
  "L17H4": 0.004627487408557269,
  "L17H5": 0.006619894665321401,
  "L17H6": 0.00994720162663527,
  "L17H7": 0.0003970241154608193,
  "L18H0": 0.00013215332281685954,
  "L18H1": 0.004691070431469778,
  "L18H2": 0.002749073115083582,
  "L18H3": 0.007001345318844563,
  "L18H4": 0.00671826652919952,
  "L18H5": 0.005410208458743409,
  "L18H6": 0.0037564302374392166,
  "L18H7": 0.002786659816576926,
  "L19H0": 0.0036000744238254847,
  "L19H1": 0.0003459488828766015,
  "L19H2": 0.0006928813880012516,
  "L19H3": 0.0073148353709174135,
  "L19H4": 0.00034644041306191225,
  "L19H5": 0.0003094630511118922,
  "L19H6": 0.009465663112223414,
  "L19H7": 0.003520175789966861,
  "L1H0": 0.003483839617523277,
  "L1H1": 0.0074680628980504805,
  "L1H2": 0.0019583266138155234,
  "L1H3": 0.002667981489471218,
  "L1H4": 0.0023617500851427433,
  "L1H5": 0.0020002103471766174,
  "L1H6": 0.0018037297128341858,
  "L1H7": 0.006476237012976458,
  "L20H0": 0.0005474883608334189,
  "L20H1": 0.002975523415620623,
  "L20H2": 0.0041098989900936736,
  "L20H3": 0.008294208373934917,
  "L20H4": 0.009427549554294765,
  "L20H5": 0.007310131555028572,
  "L20H6": 0.0024125782748781327,
  "L20H7": 0.008755764792503656,
  "L21H0": 3.404138590589233e-05,
  "L21H1": 0.002219445286203384,
  "L21H2": 0.010733913620980638,
  "L21H3": 0.0002019140759198203,
  "L21H4": 0.005278717926182291,
  "L21H5": 0.00848788274731313,
  "L21H6": 0.005047669341780766,
  "L21H7": 0.0047876825483592,
  "L22H0": 0.0010418728883731785,
  "L22H1": 0.008190450359653722,
  "L22H2": 0.0010896562480240397,
  "L22H3": 0.00043087287562898295,
  "L22H4": 0.0006708364308092125,
  "L22H5": 0.0076611001211213114,
  "L22H6": 0.00013965528182711455,
  "L22H7": 0.00026123758450278715,
  "L23H0": 0.0005036978112313856,
  "L23H1": 0.006711944650339231,
  "L23H2": 0.008116127593157952,
  "L23H3": 0.00817575709390175,
  "L23H4": 0.00015638311418861626,
  "L23H5": 0.002412220281025601,
  "L23H6": 0.0002779896520113426,
  "L23H7": 0.007565880776284663,
  "L24H0": 0.0002462748761793195,
  "L24H1": 0.006919701875763046,
  "L24H2": 0.004686045844142296,
  "L24H3": 0.008706038415143565,
  "L24H4": 0.002633007347025519,
  "L24H5": 0.009100401268799676,
  "L24H6": 0.0018671896761963285,
  "L24H7": 0.007713177246770206,
  "L25H0": 0.00015238660725051806,
  "L25H1": 0.00043599567660714466,
  "L25H2": 0.005887533413330204,
  "L25H3": 0.0002487917216425779,
  "L25H4": 0.0001180699134269707,
  "L25H5": 0.0006110996220906842,
  "L25H6": 0.000608148373615615,
  "L25H7": 0.003436078398077448,
  "L26H0": 9.069590429586062e-05,
  "L26H1": 0.0010822521495095897,
  "L26H2": 1.702282491580039e-05,
  "L26H3": 0.004468412044326726,
  "L26H4": 0.004466731759466342,
  "L26H5": 0.0011837814293996188,
  "L26H6": 0.0064320180297630525,
  "L26H7": 0.004595792314678615,
  "L27H0": 5.483203624985474e-05,
  "L27H1": 0.00012470531032953062,
  "L27H2": 0.00015623381947335967,
  "L27H3": 0.0015707660588832992,
  "L27H4": 0.005495357946576599,
  "L27H5": 0.00017604024119608017,
  "L27H6": 0.00023978672946337151,
  "L27H7": 0.001560960853073485,
  "L28H0": 0.006212260563584005,
  "L28H1": 0.00027097264345136047,
  "L28H2": 0.0037518695454850106,
  "L28H3": 0.002456645405150143,
  "L28H4": 0.0035816809138466505,
  "L28H5": 0.004787677838181328,
  "L28H6": 3.493913528866429e-05,
  "L28H7": 2.1322778052837697e-05,
  "L29H0": 0.005725253110200817,
  "L29H1": 0.0034493645723719817,
  "L29H2": 0.006377503200313378,
  "L29H3": 0.008757339623346605,
  "L29H4": 0.00022983906478353066,
  "L29H5": 1.6004677630956594e-05,
  "L29H6": 0.0025298482767868806,
  "L29H7": 9.13921845317285e-05,
  "L2H0": 0.00024789915298182696,
  "L2H1": 0.00045717236048434425,
  "L2H2": 0.0011052414410578722,
  "L2H3": 0.0010780543579434244,
  "L2H4": 0.0008423855701984917,
  "L2H5": 0.0006462215379662028,
  "L2H6": 0.0004179625565239878,
  "L2H7": 0.011355142787983852,
  "L30H0": 0.00022800656060050907,
  "L30H1": 0.004861349790602569,
  "L30H2": 0.003996725404476932,
  "L30H3": 0.0001327843375970702,
  "L30H4": 0.0007022517332746829,
  "L30H5": 0.0001409427756400251,
  "L30H6": 0.004436510337826868,
  "L30H7": 1.706747616603539e-05,
  "L31H0": 0.000708645845512835,
  "L31H1": 0.004161800732080907,
  "L31H2": 0.00043907105694065973,
  "L31H3": 0.0031569250912203,
  "L31H4": 8.663242570953375e-05,
  "L31H5": 0.000876969731033395,
  "L31H6": 9.719826136721493e-05,
  "L31H7": 0.0051022054149695234,
  "L32H0": 0.004176555495854173,
  "L32H1": 0.0031354182431706525,
  "L32H2": 0.004454985771013993,
  "L32H3": 0.00019486374036829335,
  "L32H4": 8.196793008450426e-05,
  "L32H5": 0.00011700434610521443,
  "L32H6": 6.615905638372415e-05,
  "L32H7": 2.122559831431459e-05,
  "L33H0": 0.00020829570566210665,
  "L33H1": 0.0014903831045315796,
  "L33H2": 0.0031265618539475155,
  "L33H3": 0.0043254938721566764,
  "L33H4": 0.004348884969950866,
  "L33H5": 0.0019096084114684432,
  "L33H6": 4.315688718797906e-05,
  "L33H7": 0.005604347213743753,
  "L34H0": 0.004119585913474647,
  "L34H1": 0.002219966709348289,
  "L34H2": 0.000511968151756371,
  "L34H3": 1.8579708602743898e-05,
  "L34H4": 0.0016775711204714632,
  "L34H5": 0.0008183525258402448,
  "L34H6": 2.1061265986420423e-05,
  "L34H7": 0.005275723318563205,
  "L35H0": 0.006889369361274508,
  "L35H1": 0.004362161741818328,
  "L35H2": 0.0014769388631031071,
  "L35H3": 0.004013953105024772,
  "L35H4": 0.003846236450534158,
  "L35H5": 0.003697480357636746,
  "L35H6": 0.0024869592653590233,
  "L35H7": 0.0009860340510675961,
  "L3H0": 0.0003195344501526437,
  "L3H1": 0.0059866408596986435,
  "L3H2": 0.0013494256046461118,
  "L3H3": 0.004052042084344806,
  "L3H4": 0.0005169143452817199,
  "L3H5": 0.0006097937221362663,
  "L3H6": 0.0001891292269822245,