{
  "L0H0": 0.00869805322761764,
  "L0H1": 0.003985009818057046,
  "L0H2": 0.0034065744372138765,
  "L0H3": 0.004366112814394113,
  "L0H4": 0.007446181005794386,
  "L0H5": 0.004115671075144568,
  "L0H6": 0.002625929172897918,
  "L0H7": 0.0020729248538059607,
  "L10H0": 0.005843407838691972,
  "L10H1": 0.0028605065496440456,
  "L10H2": 0.0032015688838325485,
  "L10H3": 0.0027056635997754317,
  "L10H4": 0.0024558175979875665,
  "L10H5": 0.0012157557747671168,
  "L10H6": 0.004198351471314767,
  "L10H7": 0.00404960584686861,
  "L11H0": 0.0022668569504257423,
  "L11H1": 0.0029123427594511483,
  "L11H2": 0.016182728877468557,
  "L11H3": 0.002843934246220775,
  "L11H4": 0.0032115108566727556,
  "L11H5": 0.003639971615413435,
  "L11H6": 0.003586573880964635,
  "L11H7": 0.002773125922904465,
  "L12H0": 0.0019118843089533735,
  "L12H1": 0.0023582710305812757,
  "L12H2": 0.002800479815237977,
  "L12H3": 0.0025336531721920387,
  "L12H4": 0.0023508170946372206,
  "L12H5": 0.0020368624472567125,
  "L12H6": 0.010991825746568398,
  "L12H7": 0.006574460355183799,
  "L13H0": 0.008289225315055142,
  "L13H1": 0.0016809112680163212,
  "L13H2": 0.012060337666572205,
  "L13H3": 0.04602973887656603,
  "L13H4": 0.004093879501188091,
  "L13H5": 0.0018513260764142212,
  "L13H6": 0.0012067531967778627,
  "L13H7": 0.02269385175536317,
  "L14H0": 0.0035848047921903255,
  "L14H1": 0.003310882203139829,
  "L14H2": 0.002845250885894878,
  "L14H3": 0.00809939697904345,
  "L14H4": 0.0019058054326694998,
  "L14H5": 0.0033312465488551713,
  "L14H6": 0.004134292489137286,
  "L14H7": 0.00150771872085984,
  "L15H0": 0.0011570812964717826,
  "L15H1": 0.004201296142212361,
  "L15H2": 0.02302111190497204,
  "L15H3": 0.008657048147316916,
  "L15H4": 0.003204455411644324,
  "L15H5": 0.0006671167535108045,
  "L15H6": 0.003553946724259102,
  "L15H7": 0.002314867091664807,
  "L16H0": 0.003007326975057953,
  "L16H1": 0.0019861668457007253,
  "L16H2": 0.0018852966469137381,
  "L16H3": 0.0007300076210654314,
  "L16H4": 0.0017890179006567846,
  "L16H5": 0.008381879918215287,
  "L16H6": 0.0016602580805095853,
  "L16H7": 0.0026555137657927365,
  "L17H0": 0.0008030751821567477,
  "L17H1": 0.005860360141593706,
  "L17H2": 0.00046809393589552736,
  "L17H3": 0.0033682805573096984,
  "L17H4": 0.0039820504427736676,
  "L17H5": 0.004084227508597103,
  "L17H6": 0.010991389213602305,
  "L17H7": 0.00047925510733469576,
  "L18H0": 0.00013742209947480128,
  "L18H1": 0.001759767545024236,
  "L18H2": 0.0012194293150773496,
  "L18H3": 0.0049999438593620795,
  "L18H4": 0.00822552684183472,
  "L18H5": 0.004447870470405826,
  "L18H6": 0.001860013350934074,
  "L18H7": 0.0013600073464057802,
  "L19H0": 0.0013862159422834437,
  "L19H1": 0.0006611246218977635,
  "L19H2": 0.0003773307794639073,
  "L19H3": 0.005472774330978125,
  "L19H4": 0.000589957653194222,
  "L19H5": 0.0001931793716439238,
  "L19H6": 0.024351598615708476,
  "L19H7": 0.0016120729747266193,
  "L1H0": 0.0008882169392593365,
  "L1H1": 0.0004855234181042337,
  "L1H2": 0.00021945125393850462,
  "L1H3": 0.0011037742779399463,
  "L1H4": 0.0014754441922876353,
  "L1H5": 0.0005698826535647918,
  "L1H6": 0.00025371262403632474,
  "L1H7": 0.0015963307628062869,
  "L20H0": 0.0003365743750110958,
  "L20H1": 0.0003039331254022212,
  "L20H2": 0.002886102233306802,
  "L20H3": 0.009146075776763183,
  "L20H4": 0.00957265623149944,
  "L20H5": 0.008194635707746634,
  "L20H6": 0.001254569359587646,
  "L20H7": 0.008635232783317218,
  "L21H0": 0.00013742209947480128,
  "L21H1": 0.0005606239354029647,
  "L21H2": 0.015975348401983096,
  "L21H3": 0.0004537406620502547,
  "L21H4": 0.002072531678929358,
  "L21H5": 0.011667265122003268,
  "L21H6": 0.0028717388924005627,
  "L21H7": 0.0011997464296393165,
  "L22H0": 0.0002886625755500668,
  "L22H1": 0.007319376531919265,
  "L22H2": 0.0004479978987610085,
  "L22H3": 0.00059684433132099,
  "L22H4": 0.0013026793948588595,
  "L22H5": 0.01970316788935911,
  "L22H6": 0.0003107099219653032,
  "L22H7": 0.00022966728224490808,
  "L23H0": 0.0004895053019438198,
  "L23H1": 0.013426763909153825,
  "L23H2": 0.009842232052305758,
  "L23H3": 0.007947557130374134,
  "L23H4": 0.00014706716120319635,
  "L23H5": 0.0007775897475462595,
  "L23H6": 0.0001465611086138104,
  "L23H7": 0.006470538750179255,
  "L24H0": 0.00018066931174083074,
  "L24H1": 0.008965128396889855,
  "L24H2": 0.0035755312781759864,
  "L24H3": 0.008379659629229864,
  "L24H4": 0.0013267567208375072,
  "L24H5": 0.017865977615804128,
  "L24H6": 0.0014370856210817447,
  "L24H7": 0.007071374643605266,
  "L25H0": 0.00021314217632895072,
  "L25H1": 0.00027773881907798656,
  "L25H2": 0.004589873973728628,
  "L25H3": 0.00028388396267966647,
  "L25H4": 0.00015752595022381334,
  "L25H5": 0.0007921648105936423,
  "L25H6": 0.00019273715478985659,
  "L25H7": 0.0009678334135409822,
  "L26H0": 0.0001419314789841808,
  "L26H1": 0.0005296454762211006,
  "L26H2": 0.00013742209947480128,
  "L26H3": 0.0035998407516877745,
  "L26H4": 0.0026679027597175924,
  "L26H5": 0.0007462373179194708,
  "L26H6": 0.003826446140236049,
  "L26H7": 0.0039344848406660535,
  "L27H0": 0.0001465611086138104,
  "L27H1": 0.0001420517291044309,
  "L27H2": 0.00021797263635167348,
  "L27H3": 0.00030009214789266796,
  "L27H4": 0.005882843006102026,
  "L27H5": 0.00024929854693385645,
  "L27H6": 0.00018431706034825678,
  "L27H7": 0.0008574637809847993,
  "L28H0": 0.010330865340578917,
  "L28H1": 0.00018803813351377438,
  "L28H2": 0.00440063463619119,
  "L28H3": 0.0012210312199032348,
  "L28H4": 0.002336564736409022,
  "L28H5": 0.0028792228995911597,
  "L28H6": 0.00013742209947480128,
  "L28H7": 0.00013742209947480128,
  "L29H0": 0.005618177145919008,
  "L29H1": 0.001972892206859963,
  "L29H2": 0.014663793222741256,
  "L29H3": 0.012458517529259795,
  "L29H4": 0.000162777257558454,
  "L29H5": 0.00013742209947480128,
  "L29H6": 0.002238940877117546,
  "L29H7": 0.0001465611086138104,
  "L2H0": 0.001454021370870658,
  "L2H1": 0.0014742105885236436,
  "L2H2": 0.001398385386037813,
  "L2H3": 0.0013848349961390761,
  "L2H4": 0.0014864909704276814,
  "L2H5": 0.001493480631553816,
  "L2H6": 0.0014294242949742988,
  "L2H7": 0.012801288041237832,
  "L30H0": 0.0002440299645952112,
  "L30H1": 0.0030907929796976956,
  "L30H2": 0.0036364289988342798,
  "L30H3": 0.00019374678687587756,
  "L30H4": 0.000585383387624992,
  "L30H5": 0.0002495978278019633,
  "L30H6": 0.004229396238806667,
  "L30H7": 0.00013742209947480128,
  "L31H0": 0.0004037802053217648,
  "L31H1": 0.0036886940875924,
  "L31H2": 0.0006545533479191146,
  "L31H3": 0.003786508048236538,
  "L31H4": 0.00014668135873406054,
  "L31H5": 0.0008387630697985517,
  "L31H6": 0.0001465611086138104,
  "L31H7": 0.006318278236208027,
  "L32H0": 0.004145598714734531,
  "L32H1": 0.002517283878642136,
  "L32H2": 0.0057511615782541645,
  "L32H3": 0.0002297426770006928,
  "L32H4": 0.0001612216024409709,
  "L32H5": 0.0002477263520372888,
  "L32H6": 0.00023280938271210693,
  "L32H7": 0.00013742209947480128,
  "L33H0": 0.0001628975076787041,
  "L33H1": 0.0008134491312487748,
  "L33H2": 0.0027445383174568103,
  "L33H3": 0.004153399366786415,
  "L33H4": 0.002705300004756648,
  "L33H5": 0.0010878527176945928,
  "L33H6": 0.00014862281632067943,
  "L33H7": 0.006580203860837822,
  "L34H0": 0.003199760276544234,
  "L34H1": 0.0008352283135019664,
  "L34H2": 0.0011074879761753982,
  "L34H3": 0.00013742209947480128,
  "L34H4": 0.0015755977265578228,
  "L34H5": 0.001124165298605506,
  "L34H6": 0.00013742209947480128,
  "L34H7": 0.003683350750021799,
  "L35H0": 0.0015397109295269213,
  "L35H1": 0.0014381980716576565,
  "L35H2": 0.0009757846031148392,
  "L35H3": 0.0006474016480676037,
  "L35H4": 0.0024484083307581925,
  "L35H5": 0.002569570312549776,
  "L35H6": 0.0015999817382229334,
  "L35H7": 0.0001384195793918016,
  "L3H0": 0.0014765163711736294,
  "L3H1": 0.007572885337431659,
  "L3H2": 0.001619631825147326,
  "L3H3": 0.003315036214568219,
  "L3H4": 0.0013967177145624045,
  "L3H5": 0.0018756075755221092,