{
  "L0H0": 0.0067708333333333336,
  "L0H1": 0.0067708333333333336,
  "L0H2": 0.0067708333333333336,
  "L0H3": 0.0067708333333333336,
  "L0H4": 0.0067708333333333336,
  "L0H5": 0.0067708333333333336,
  "L0H6": 0.0067708333333333336,
  "L0H7": 0.0067708333333333336,
  "L1H0": 0.006582341269841269,
  "L1H1": 0.006582341269841269,
  "L1H2": 0.006582341269841269,
  "L1H3": 0.006582341269841269,
  "L1H4": 0.006582341269841269,
  "L1H5": 0.006582341269841269,
  "L1H6": 0.006582341269841269,
  "L1H7": 0.006582341269841269,
  "L2H0": 0.006393849206349206,
  "L2H1": 0.006393849206349206,
  "L2H2": 0.006393849206349206,
  "L2H3": 0.006393849206349206,
  "L2H4": 0.006393849206349206,
  "L2H5": 0.006393849206349206,
  "L2H6": 0.006393849206349206,
  "L2H7": 0.006393849206349206,
  "L3H0": 0.006205357142857142,
  "L3H1": 0.006205357142857142,
  "L3H2": 0.006205357142857142,
  "L3H3": 0.006205357142857142,
  "L3H4": 0.006205357142857142,
  "L3H5": 0.006205357142857142,
  "L3H6": 0.006205357142857142,
  "L3H7": 0.006205357142857142,
  "L4H0": 0.006016865079365079,
  "L4H1": 0.006016865079365079,
  "L4H2": 0.006016865079365079,
  "L4H3": 0.006016865079365079,
  "L4H4": 0.006016865079365079,
  "L4H5": 0.006016865079365079,
  "L4H6": 0.006016865079365079,
  "L4H7": 0.006016865079365079,
  "L5H0": 0.005828373015873016,
  "L5H1": 0.005828373015873016,
  "L5H2": 0.005828373015873016,
  "L5H3": 0.005828373015873016,
  "L5H4": 0.005828373015873016,
  "L5H5": 0.005828373015873016,
  "L5H6": 0.005828373015873016,
  "L5H7": 0.005828373015873016,
  "L6H0": 0.005639880952380953,
  "L6H1": 0.005639880952380953,
  "L6H2": 0.005639880952380953,
  "L6H3": 0.005639880952380953,
  "L6H4": 0.005639880952380953,
  "L6H5": 0.005639880952380953,
  "L6H6": 0.005639880952380953,
  "L6H7": 0.005639880952380953,
  "L7H0": 0.005451388888888889,
  "L7H1": 0.005451388888888889,
  "L7H2": 0.005451388888888889,
  "L7H3": 0.005451388888888889,
  "L7H4": 0.005451388888888889,
  "L7H5": 0.005451388888888889,
  "L7H6": 0.005451388888888889,
  "L7H7": 0.005451388888888889,
  "L8H0": 0.005262896825396825,
  "L8H1": 0.005262896825396825,
  "L8H2": 0.005262896825396825,
  "L8H3": 0.005262896825396825,
  "L8H4": 0.005262896825396825,
  "L8H5": 0.005262896825396825,
  "L8H6": 0.005262896825396825,
  "L8H7": 0.005262896825396825,
  "L9H0": 0.005074404761904763,
  "L9H1": 0.005074404761904763,
  "L9H2": 0.005074404761904763,
  "L9H3": 0.005074404761904763,
  "L9H4": 0.005074404761904763,
  "L9H5": 0.005074404761904763,
  "L9H6": 0.005074404761904763,
  "L9H7": 0.005074404761904763,
  "L10H0": 0.004885912698412698,
  "L10H1": 0.004885912698412698,
  "L10H2": 0.004885912698412698,
  "L10H3": 0.004885912698412698,
  "L10H4": 0.004885912698412698,
  "L10H5": 0.004885912698412698,
  "L10H6": 0.004885912698412698,
  "L10H7": 0.004885912698412698,
  "L11H0": 0.004697420634920634,
  "L11H1": 0.004697420634920634,
  "L11H2": 0.004697420634920634,
  "L11H3": 0.004697420634920634,
  "L11H4": 0.004697420634920634,
  "L11H5": 0.004697420634920634,
  "L11H6": 0.004697420634920634,
  "L11H7": 0.004697420634920634,
  "L12H0": 0.004508928571428571,
  "L12H1": 0.004508928571428571,
  "L12H2": 0.004508928571428571,
  "L12H3": 0.004508928571428571,
  "L12H4": 0.004508928571428571,
  "L12H5": 0.004508928571428571,
  "L12H6": 0.004508928571428571,
  "L12H7": 0.004508928571428571,
  "L13H0": 0.0043204365079365075,
  "L13H1": 0.0043204365079365075,
  "L13H2": 0.0043204365079365075,
  "L13H3": 0.0043204365079365075,
  "L13H4": 0.0043204365079365075,
  "L13H5": 0.0043204365079365075,
  "L13H6": 0.0043204365079365075,
  "L13H7": 0.0043204365079365075,
  "L14H0": 0.004131944444444444,
  "L14H1": 0.004131944444444444,
  "L14H2": 0.004131944444444444,
  "L14H3": 0.004131944444444444,
  "L14H4": 0.004131944444444444,
  "L14H5": 0.004131944444444444,
  "L14H6": 0.004131944444444444,
  "L14H7": 0.004131944444444444,
  "L15H0": 0.003943452380952381,
  "L15H1": 0.003943452380952381,
  "L15H2": 0.003943452380952381,
  "L15H3": 0.003943452380952381,
  "L15H4": 0.003943452380952381,
  "L15H5": 0.003943452380952381,
  "L15H6": 0.003943452380952381,
  "L15H7": 0.003943452380952381,
  "L16H0": 0.0037549603174603175,
  "L16H1": 0.0037549603174603175,
  "L16H2": 0.0037549603174603175,
  "L16H3": 0.0037549603174603175,
  "L16H4": 0.0037549603174603175,
  "L16H5": 0.0037549603174603175,
  "L16H6": 0.0037549603174603175,
  "L16H7": 0.0037549603174603175,
  "L17H0": 0.003566468253968254,
  "L17H1": 0.003566468253968254,
  "L17H2": 0.003566468253968254,
  "L17H3": 0.003566468253968254,
  "L17H4": 0.003566468253968254,
  "L17H5": 0.003566468253968254,
  "L17H6": 0.003566468253968254,
  "L17H7": 0.003566468253968254,
  "L18H0": 0.003377976190476191,
  "L18H1": 0.003377976190476191,
  "L18H2": 0.003377976190476191,
  "L18H3": 0.003377976190476191,
  "L18H4": 0.003377976190476191,
  "L18H5": 0.003377976190476191,
  "L18H6": 0.003377976190476191,
  "L18H7": 0.003377976190476191,
  "L19H0": 0.003189484126984127,
  "L19H1": 0.003189484126984127,
  "L19H2": 0.003189484126984127,
  "L19H3": 0.003189484126984127,
  "L19H4": 0.003189484126984127,
  "L19H5": 0.003189484126984127,
  "L19H6": 0.003189484126984127,
  "L19H7": 0.003189484126984127,
  "L20H0": 0.0030009920634920637,
  "L20H1": 0.0030009920634920637,
  "L20H2": 0.0030009920634920637,
  "L20H3": 0.0030009920634920637,
  "L20H4": 0.0030009920634920637,
  "L20H5": 0.0030009920634920637,
  "L20H6": 0.0030009920634920637,
  "L20H7": 0.0030009920634920637,
  "L21H0": 0.0028125000000000003,
  "L21H1": 0.0028125000000000003,
  "L21H2": 0.0028125000000000003,
  "L21H3": 0.0028125000000000003,
  "L21H4": 0.0028125000000000003,
  "L21H5": 0.0028125000000000003,
  "L21H6": 0.0028125000000000003,
  "L21H7": 0.0028125000000000003,
  "L22H0": 0.0026240079365079366,
  "L22H1": 0.0026240079365079366,
  "L22H2": 0.0026240079365079366,
  "L22H3": 0.0026240079365079366,
  "L22H4": 0.0026240079365079366,
  "L22H5": 0.0026240079365079366,
  "L22H6": 0.0026240079365079366,
  "L22H7": 0.0026240079365079366,
  "L23H0": 0.002435515873015873,
  "L23H1": 0.002435515873015873,
  "L23H2": 0.002435515873015873,
  "L23H3": 0.002435515873015873,
  "L23H4": 0.002435515873015873,
  "L23H5": 0.002435515873015873,
  "L23H6": 0.002435515873015873,
  "L23H7": 0.002435515873015873,
  "L24H0": 0.00224702380952381,
  "L24H1": 0.00224702380952381,
  "L24H2": 0.00224702380952381,
  "L24H3": 0.00224702380952381,
  "L24H4": 0.00224702380952381,
  "L24H5": 0.00224702380952381,
  "L24H6": 0.00224702380952381,
  "L24H7": 0.00224702380952381,
  "L25H0": 0.0020585317460317457,
  "L25H1": 0.0020585317460317457,
  "L25H2": 0.0020585317460317457,
  "L25H3": 0.0020585317460317457,
  "L25H4": 0.0020585317460317457,
  "L25H5": 0.0020585317460317457,
  "L25H6": 0.0020585317460317457,
  "L25H7": 0.0020585317460317457,
  "L26H0": 0.0018700396825396823,
  "L26H1": 0.0018700396825396823,
  "L26H2": 0.0018700396825396823,
  "L26H3": 0.0018700396825396823,
  "L26H4": 0.0018700396825396823,
  "L26H5": 0.0018700396825396823,
  "L26H6": 0.0018700396825396823,
  "L26H7": 0.0018700396825396823,
  "L27H0": 0.0016815476190476198,
  "L27H1": 0.0016815476190476198,
  "L27H2": 0.0016815476190476198,
  "L27H3": 0.0016815476190476198,
  "L27H4": 0.0016815476190476198,
  "L27H5": 0.0016815476190476198,
  "L27H6": 0.0016815476190476198,
  "L27H7": 0.0016815476190476198,
  "L28H0": 0.001493055555555556,
  "L28H1": 0.001493055555555556,
  "L28H2": 0.001493055555555556,
  "L28H3": 0.001493055555555556,
  "L28H4": 0.001493055555555556,
  "L28H5": 0.001493055555555556,
  "L28H6": 0.001493055555555556,
  "L28H7": 0.001493055555555556,
  "L29H0": 0.0013045634920634927,
  "L29H1": 0.0013045634920634927,
  "L29H2": 0.0013045634920634927,
  "L29H3": 0.0013045634920634927,
  "L29H4": 0.0013045634920634927,
  "L29H5": 0.0013045634920634927,
  "L29H6": 0.0013045634920634927,
  "L29H7": 0.0013045634920634927,
  "L30H0": 0.0011160714285714285,
  "L30H1": 0.0011160714285714285,