{
  "L0H0": 0.00047222222222222186,
  "L0H1": 0.003472222222222221,
  "L0H2": 0.003472222222222221,
  "L0H3": 0.0024722222222222216,
  "L0H4": 0.003472222222222221,
  "L0H5": 0.00047222222222222186,
  "L0H6": 0.0024722222222222216,
  "L0H7": 0.003472222222222221,
  "L1H0": 0.003472222222222221,
  "L1H1": 0.00047222222222222186,
  "L1H2": 0.003472222222222221,
  "L1H3": 0.003472222222222221,
  "L1H4": 0.003472222222222221,
  "L1H5": 0.004472222222222221,
  "L1H6": 0.003472222222222221,
  "L1H7": 0.005472222222222221,
  "L2H0": 0.0014722222222222216,
  "L2H1": 0.00047222222222222186,
  "L2H2": 0.003472222222222221,
  "L2H3": 0.00047222222222222186,
  "L2H4": 0.0014722222222222216,
  "L2H5": 0.00047222222222222186,
  "L2H6": 0.00047222222222222186,
  "L2H7": 0.004472222222222221,
  "L3H0": 0.00047222222222222186,
  "L3H1": 0.005472222222222221,
  "L3H2": 0.00047222222222222186,
  "L3H3": 0.005472222222222221,
  "L3H4": 0.003472222222222221,
  "L3H5": 0.00047222222222222186,
  "L3H6": 0.00047222222222222186,
  "L3H7": 0.00047222222222222186,
  "L4H0": 0.00047222222222222186,
  "L4H1": 0.00047222222222222186,
  "L4H2": 0.003472222222222221,
  "L4H3": 0.003472222222222221,
  "L4H4": 0.003472222222222221,
  "L4H5": 0.004472222222222221,
  "L4H6": 0.003472222222222221,
  "L4H7": 0.00047222222222222186,
  "L5H0": 0.003472222222222221,
  "L5H1": 0.003472222222222221,
  "L5H2": 0.00047222222222222186,
  "L5H3": 0.003472222222222221,
  "L5H4": 0.0024722222222222216,
  "L5H5": 0.003472222222222221,
  "L5H6": 0.0014722222222222216,
  "L5H7": 0.003472222222222221,
  "L6H0": 0.00047222222222222186,
  "L6H1": 0.003472222222222221,
  "L6H2": 0.0014722222222222216,
  "L6H3": 0.00047222222222222186,
  "L6H4": 0.003472222222222221,
  "L6H5": 0.003472222222222221,
  "L6H6": 0.00047222222222222186,
  "L6H7": 0.00047222222222222186,
  "L7H0": 0.00047222222222222186,
  "L7H1": 0.02147222222222223,
  "L7H2": 0.00047222222222222186,
  "L7H3": 0.003472222222222221,
  "L7H4": 0.00047222222222222186,
  "L7H5": 0.003472222222222221,
  "L7H6": 0.00047222222222222186,
  "L7H7": 0.003472222222222221,
  "L8H0": 0.0014722222222222216,
  "L8H1": 0.003472222222222221,
  "L8H2": 0.00047222222222222186,
  "L8H3": 0.00047222222222222186,
  "L8H4": 0.00047222222222222186,
  "L8H5": 0.00047222222222222186,
  "L8H6": 0.00047222222222222186,
  "L8H7": 0.00047222222222222186,
  "L9H0": 0.003472222222222221,
  "L9H1": 0.00047222222222222186,
  "L9H2": 0.003472222222222221,
  "L9H3": 0.0024722222222222216,
  "L9H4": 0.017472222222222226,
  "L9H5": 0.0014722222222222216,
  "L9H6": 0.0024722222222222216,
  "L9H7": 0.015472222222222224,
  "L10H0": 0.00047222222222222186,
  "L10H1": 0.00047222222222222186,
  "L10H2": 0.00047222222222222186,
  "L10H3": 0.00047222222222222186,
  "L10H4": 0.00047222222222222186,
  "L10H5": 0.00047222222222222186,
  "L10H6": 0.0024722222222222216,
  "L10H7": 0.0014722222222222216,
  "L11H0": 0.0014722222222222216,
  "L11H1": 0.003472222222222221,
  "L11H2": 0.02247222222222223,
  "L11H3": 0.00047222222222222186,
  "L11H4": 0.0024722222222222216,
  "L11H5": 0.0024722222222222216,
  "L11H6": 0.003472222222222221,
  "L11H7": 0.0024722222222222216,
  "L12H0": 0.00047222222222222186,
  "L12H1": 0.0014722222222222216,
  "L12H2": 0.00047222222222222186,
  "L12H3": 0.0024722222222222216,
  "L12H4": 0.003472222222222221,
  "L12H5": 0.003472222222222221,
  "L12H6": 0.00747222222222222,
  "L12H7": 0.00047222222222222186,
  "L13H0": 0.00647222222222222,
  "L13H1": 0.00047222222222222186,
  "L13H2": 0.02447222222222223,
  "L13H3": 0.031472222222222235,
  "L13H4": 0.0024722222222222216,
  "L13H5": 0.0014722222222222216,
  "L13H6": 0.00647222222222222,
  "L13H7": 0.00047222222222222186,
  "L14H0": 0.0014722222222222216,
  "L14H1": 0.00047222222222222186,
  "L14H2": 0.00047222222222222186,
  "L14H3": 0.003472222222222221,
  "L14H4": 0.003472222222222221,
  "L14H5": 0.00047222222222222186,
  "L14H6": 0.003472222222222221,
  "L14H7": 0.00047222222222222186,
  "L15H0": 0.013472222222222222,
  "L15H1": 0.003472222222222221,
  "L15H2": 0.043472222222222245,
  "L15H3": 0.00647222222222222,
  "L15H4": 0.00047222222222222186,
  "L15H5": 0.00047222222222222186,
  "L15H6": 0.00047222222222222186,
  "L15H7": 0.00047222222222222186,
  "L16H0": 0.00047222222222222186,
  "L16H1": 0.00047222222222222186,
  "L16H2": 0.0024722222222222216,
  "L16H3": 0.00047222222222222186,
  "L16H4": 0.003472222222222221,
  "L16H5": 0.00047222222222222186,
  "L16H6": 0.00047222222222222186,
  "L16H7": 0.004472222222222221,
  "L17H0": 0.003472222222222221,
  "L17H1": 0.00847222222222222,
  "L17H2": 0.00047222222222222186,
  "L17H3": 0.003472222222222221,
  "L17H4": 0.00647222222222222,
  "L17H5": 0.00047222222222222186,
  "L17H6": 0.017472222222222226,
  "L17H7": 0.00047222222222222186,
  "L18H0": 0.0024722222222222216,
  "L18H1": 0.00047222222222222186,
  "L18H2": 0.00047222222222222186,
  "L18H3": 0.013472222222222222,
  "L18H4": 0.00847222222222222,
  "L18H5": 0.010472222222222221,
  "L18H6": 0.004472222222222221,
  "L18H7": 0.0024722222222222216,
  "L19H0": 0.00047222222222222186,
  "L19H1": 0.00047222222222222186,
  "L19H2": 0.00047222222222222186,
  "L19H3": 0.010472222222222221,
  "L19H4": 0.00047222222222222186,
  "L19H5": 0.00047222222222222186,
  "L19H6": 0.029472222222222233,
  "L19H7": 0.003472222222222221,
  "L20H0": 0.003472222222222221,
  "L20H1": 0.00047222222222222186,
  "L20H2": 0.00047222222222222186,
  "L20H3": 0.012472222222222221,
  "L20H4": 0.00047222222222222186,
  "L20H5": 0.010472222222222221,
  "L20H6": 0.003472222222222221,
  "L20H7": 0.011472222222222222,
  "L21H0": 0.00047222222222222186,
  "L21H1": 0.003472222222222221,
  "L21H2": 0.02247222222222223,
  "L21H3": 0.0014722222222222216,
  "L21H4": 0.00847222222222222,
  "L21H5": 0.00847222222222222,
  "L21H6": 0.0024722222222222216,
  "L21H7": 0.00047222222222222186,
  "L22H0": 0.0014722222222222216,
  "L22H1": 0.00647222222222222,
  "L22H2": 0.00047222222222222186,
  "L22H3": 0.0024722222222222216,
  "L22H4": 0.00047222222222222186,
  "L22H5": 0.017472222222222226,
  "L22H6": 0.00047222222222222186,
  "L22H7": 0.003472222222222221,
  "L23H0": 0.00047222222222222186,
  "L23H1": 0.003472222222222221,
  "L23H2": 0.003472222222222221,
  "L23H3": 0.003472222222222221,
  "L23H4": 0.00047222222222222186,
  "L23H5": 0.003472222222222221,
  "L23H6": 0.00047222222222222186,
  "L23H7": 0.003472222222222221,
  "L24H0": 0.00047222222222222186,
  "L24H1": 0.00747222222222222,
  "L24H2": 0.004472222222222221,
  "L24H3": 0.005472222222222221,
  "L24H4": 0.0014722222222222216,
  "L24H5": 0.02447222222222223,
  "L24H6": 0.0024722222222222216,
  "L24H7": 0.012472222222222221,
  "L25H0": 0.00047222222222222186,
  "L25H1": 0.00047222222222222186,
  "L25H2": 0.003472222222222221,
  "L25H3": 0.00047222222222222186,
  "L25H4": 0.00047222222222222186,
  "L25H5": 0.00047222222222222186,
  "L25H6": 0.00047222222222222186,
  "L25H7": 0.00047222222222222186,
  "L26H0": 0.0014722222222222216,
  "L26H1": 0.0024722222222222216,
  "L26H2": 0.00047222222222222186,
  "L26H3": 0.00747222222222222,
  "L26H4": 0.0014722222222222216,
  "L26H5": 0.00047222222222222186,
  "L26H6": 0.005472222222222221,
  "L26H7": 0.0014722222222222216,
  "L27H0": 0.00047222222222222186,
  "L27H1": 0.00047222222222222186,
  "L27H2": 0.0014722222222222216,
  "L27H3": 0.00047222222222222186,
  "L27H4": 0.00747222222222222,
  "L27H5": 0.00047222222222222186,
  "L27H6": 0.003472222222222221,
  "L27H7": 0.00047222222222222186,
  "L28H0": 0.003472222222222221,
  "L28H1": 0.0014722222222222216,
  "L28H2": 0.0024722222222222216,
  "L28H3": 0.00047222222222222186,
  "L28H4": 0.003472222222222221,
  "L28H5": 0.00047222222222222186,
  "L28H6": 0.00047222222222222186,
  "L28H7": 0.00047222222222222186,
  "L29H0": 0.004472222222222221,
  "L29H1": 0.00747222222222222,
  "L29H2": 0.0024722222222222216,
  "L29H3": 0.010472222222222221,
  "L29H4": 0.0014722222222222216,
  "L29H5": 0.00047222222222222186,