{
  "L5H0": 0.009999999999999967,
  "L5H1": 0.05500000000000001,
  "L5H2": 0.009999999999999967,
  "L5H3": 0.009999999999999967,
  "L11H0": 0.029999999999999985,
  "L11H1": 0.12500000000000006,
  "L11H2": 0.029999999999999985,
  "L11H3": 0.09500000000000004,
  "L17H0": 0.14500000000000007,
  "L17H1": 0.13000000000000006,
  "L17H2": 0.05,
  "L17H3": 0.0009999999999999653,
  "L23H0": 0.05500000000000001,
  "L23H1": 0.05500000000000001,
  "L23H2": 0.0009999999999999653,
  "L23H3": 0.06000000000000001,
  "L29H0": 0.0009999999999999653,
  "L29H1": 0.05,
  "L29H2": 0.08200000000000003,
  "L29H3": 0.004999999999999965
}