{
  "L0H0": 0.01431159420289855,
  "L0H1": 0.0034420289855072463,
  "L0H2": 0.004181763285024154,
  "L0H3": 0.0042421497584541066,
  "L0H4": 0.005948067632850241,
  "L0H5": 0.008106884057971015,
  "L0H6": 0.002732487922705314,
  "L0H7": 0.0020984299516908214,
  "L1H0": 0.0014945652173913044,
  "L1H1": 0.001147342995169082,
  "L1H2": 0.0008152173913043478,
  "L1H3": 0.0016002415458937198,
  "L1H4": 0.0008605072463768116,
  "L1H5": 0.0007548309178743961,
  "L1H6": 0.0005585748792270532,
  "L1H7": 0.0044685990338164255,
  "L2H0": 0.0004076086956521739,
  "L2H1": 0.0004679951690821256,
  "L2H2": 0.0006944444444444445,
  "L2H3": 0.000573671497584541,
  "L2H4": 0.0006491545893719807,
  "L2H5": 0.00043780193236714977,
  "L2H6": 0.00042270531400966186,
  "L2H7": 0.012333937198067633,
  "L3H0": 0.0004076086956521739,
  "L3H1": 0.007261473429951691,
  "L3H2": 0.0007095410628019323,
  "L3H3": 0.0037892512077294686,
  "L3H4": 0.00037741545893719806,
  "L3H5": 0.0005434782608695652,
  "L3H6": 0.00037741545893719806,
  "L3H7": 0.000392512077294686,
  "L4H0": 0.0005585748792270532,
  "L4H1": 0.0014492753623188406,
  "L4H2": 0.0003321256038647343,
  "L4H3": 0.0002717391304347826,
  "L4H4": 0.00030193236714975844,
  "L4H5": 0.0004679951690821256,
  "L4H6": 0.0002868357487922705,
  "L4H7": 0.0007699275362318841,
  "L5H0": 0.0004981884057971014,
  "L5H1": 0.00034722222222222224,
  "L5H2": 0.0004981884057971014,
  "L5H3": 0.005480072463768116,
  "L5H4": 0.000392512077294686,
  "L5H5": 0.00034722222222222224,
  "L5H6": 0.0003321256038647343,
  "L5H7": 0.0004830917874396135,
  "L6H0": 0.0002868357487922705,
  "L6H1": 0.0004528985507246377,
  "L6H2": 0.0010265700483091788,
  "L6H3": 0.00036231884057971015,
  "L6H4": 0.00030193236714975844,
  "L6H5": 0.0002868357487922705,
  "L6H6": 0.00034722222222222224,
  "L6H7": 0.00037741545893719806,
  "L7H0": 0.0004830917874396135,
  "L7H1": 0.02791364734299517,
  "L7H2": 0.0012832125603864735,
  "L7H3": 0.00016606280193236716,
  "L7H4": 0.0024154589371980675,
  "L7H5": 0.00828804347826087,
  "L7H6": 0.0017210144927536232,
  "L7H7": 0.003275966183574879,
  "L8H0": 0.001977657004830918,
  "L8H1": 0.0024305555555555556,
  "L8H2": 0.0013435990338164251,
  "L8H3": 0.0012530193236714976,
  "L8H4": 0.005510265700483092,
  "L8H5": 0.001766304347826087,
  "L8H6": 0.0014190821256038647,
  "L8H7": 0.001585144927536232,
  "L9H0": 0.0014190821256038647,
  "L9H1": 0.001147342995169082,
  "L9H2": 0.010054347826086956,
  "L9H3": 0.0019927536231884057,
  "L9H4": 0.017542270531400967,
  "L9H5": 0.0015247584541062801,
  "L9H6": 0.0014492753623188406,
  "L9H7": 0.016530797101449276,
  "L10H0": 0.006038647342995169,
  "L10H1": 0.0032457729468599035,
  "L10H2": 0.0030797101449275364,
  "L10H3": 0.002958937198067633,
  "L10H4": 0.0016455314009661836,
  "L10H5": 0.0016606280193236715,
  "L10H6": 0.004091183574879227,
  "L10H7": 0.0027928743961352655,
  "L11H0": 0.0020531400966183576,
  "L11H1": 0.002928743961352657,
  "L11H2": 0.013858695652173913,
  "L11H3": 0.0028532608695652174,
  "L11H4": 0.0034571256038647344,
  "L11H5": 0.003170289855072464,
  "L11H6": 0.0032306763285024154,
  "L11H7": 0.0020380434782608695,
  "L12H0": 0.002143719806763285,
  "L12H1": 0.002173913043478261,
  "L12H2": 0.0020380434782608695,
  "L12H3": 0.0022342995169082128,
  "L12H4": 0.0013134057971014492,
  "L12H5": 0.001766304347826087,
  "L12H6": 0.013315217391304347,
  "L12H7": 0.0064764492753623185,
  "L13H0": 0.006144323671497584,
  "L13H1": 0.0004076086956521739,
  "L13H2": 0.012152777777777778,
  "L13H3": 0.026705917874396135,
  "L13H4": 0.004151570048309179,
  "L13H5": 0.0011322463768115942,
  "L13H6": 0.001177536231884058,
  "L13H7": 0.019157608695652174,
  "L14H0": 0.005163043478260869,
  "L14H1": 0.0034571256038647344,
  "L14H2": 0.002506038647342995,
  "L14H3": 0.009978864734299518,
  "L14H4": 0.0018115942028985507,
  "L14H5": 0.003879830917874396,
  "L14H6": 0.0038345410628019324,
  "L14H7": 0.0006491545893719807,
  "L15H0": 0.000966183574879227,
  "L15H1": 0.005585748792270531,
  "L15H2": 0.017738526570048308,
  "L15H3": 0.008046497584541063,
  "L15H4": 0.0026419082125603865,
  "L15H5": 0.0020531400966183576,
  "L15H6": 0.0024154589371980675,
  "L15H7": 0.0022342995169082128,
  "L16H0": 0.0027928743961352655,
  "L16H1": 0.001570048309178744,
  "L16H2": 0.0012832125603864735,
  "L16H3": 0.0009208937198067632,
  "L16H4": 0.0008303140096618357,
  "L16H5": 0.011096014492753624,
  "L16H6": 0.000785024154589372,
  "L16H7": 0.0016304347826086956,
  "L17H0": 0.002128623188405797,
  "L17H1": 0.006672705314009662,
  "L17H2": 0.00031702898550724635,
  "L17H3": 0.004664855072463768,
  "L17H4": 0.004091183574879227,
  "L17H5": 0.0070803140096618354,
  "L17H6": 0.011654589371980677,
  "L17H7": 0.00022644927536231884,
  "L18H0": 3.0193236714975845e-05,
  "L18H1": 0.0030193236714975845,
  "L18H2": 0.0016153381642512077,
  "L18H3": 0.007367149758454106,
  "L18H4": 0.007201086956521739,
  "L18H5": 0.005434782608695652,
  "L18H6": 0.0027475845410628017,
  "L18H7": 0.0012228260869565218,
  "L19H0": 0.0020682367149758452,
  "L19H1": 0.0003321256038647343,
  "L19H2": 0.0004076086956521739,
  "L19H3": 0.007306763285024154,
  "L19H4": 0.00030193236714975844,
  "L19H5": 6.038647342995169e-05,
  "L19H6": 0.017195048309178743,
  "L19H7": 0.0022644927536231885,
  "L20H0": 0.0003321256038647343,
  "L20H1": 0.0016606280193236715,
  "L20H2": 0.003170289855072464,
  "L20H3": 0.010295893719806763,
  "L20H4": 0.011669685990338165,
  "L20H5": 0.01046195652173913,
  "L20H6": 0.003125,
  "L20H7": 0.00966183574879227,
  "L21H0": 1.5096618357487922e-05,
  "L21H1": 0.0015398550724637682,
  "L21H2": 0.01497584541062802,
  "L21H3": 0.00021135265700483093,
  "L21H4": 0.003698671497584541,
  "L21H5": 0.011579106280193237,
  "L21H6": 0.003547705314009662,
  "L21H7": 0.0030344202898550726,
  "L22H0": 0.0004981884057971014,
  "L22H1": 0.008484299516908213,
  "L22H2": 0.0005283816425120773,
  "L22H3": 0.00031702898550724635,
  "L22H4": 0.0006038647342995169,
  "L22H5": 0.01423611111111111,
  "L22H6": 0.0001358695652173913,
  "L22H7": 0.00024154589371980676,
  "L23H0": 0.00022644927536231884,
  "L23H1": 0.011971618357487923,
  "L23H2": 0.010220410628019323,
  "L23H3": 0.009722222222222222,
  "L23H4": 4.528985507246377e-05,
  "L23H5": 0.0019927536231884057,
  "L23H6": 0.00010567632850241546,
  "L23H7": 0.008982487922705314,
  "L24H0": 0.00024154589371980676,
  "L24H1": 0.010280797101449276,
  "L24H2": 0.004815821256038647,
  "L24H3": 0.010039251207729468,
  "L24H4": 0.0013435990338164251,
  "L24H5": 0.014205917874396136,
  "L24H6": 0.0019927536231884057,
  "L24H7": 0.009616545893719807,
  "L25H0": 6.038647342995169e-05,
  "L25H1": 0.0002566425120772947,
  "L25H2": 0.005208333333333333,
  "L25H3": 0.00021135265700483093,
  "L25H4": 3.0193236714975845e-05,
  "L25H5": 0.0005283816425120773,
  "L25H6": 0.00012077294685990338,
  "L25H7": 0.0028683574879227055,
  "L26H0": 4.528985507246377e-05,
  "L26H1": 0.0007246376811594203,
  "L26H2": 1.5096618357487922e-05,
  "L26H3": 0.0056008454106280196,
  "L26H4": 0.0041364734299516905,
  "L26H5": 0.0012077294685990338,
  "L26H6": 0.005555555555555556,
  "L26H7": 0.00480072463768116,
  "L27H0": 1.5096618357487922e-05,
  "L27H1": 1.5096618357487922e-05,
  "L27H2": 0.00012077294685990338,
  "L27H3": 0.000785024154589372,
  "L27H4": 0.006657608695652174,
  "L27H5": 0.00010567632850241546,
  "L27H6": 0.00010567632850241546,
  "L27H7": 0.0009057971014492754,
  "L28H0": 0.00952596618357488,
  "L28H1": 9.057971014492754e-05,
  "L28H2": 0.004060990338164251,
  "L28H3": 0.001751207729468599,
  "L28H4": 0.004347826086956522,
  "L28H5": 0.007201086956521739,
  "L28H6": 1.5096618357487922e-05,
  "L28H7": 1.5096618357487922e-05,
  "L29H0": 0.00661231884057971,
  "L29H1": 0.004302536231884058,
  "L29H2": 0.011805555555555555,
  "L29H3": 0.012515096618357488,
  "L29H4": 7.548309178743961e-05,
  "L29H5": 1.5096618357487922e-05,
  "L29H6": 0.0022644927536231885,
  "L29H7": 3.0193236714975845e-05,