{
  "L0H0": 0.01685883997204752,
  "L0H1": 0.004367575122292104,
  "L0H2": 0.006267470300489168,
  "L0H3": 0.00504454926624738,
  "L0H4": 0.004848008385744235,
  "L0H5": 0.00548130677847659,
  "L0H6": 0.0029699510831586303,
  "L0H7": 0.0033193570929419985,
  "L1H0": 0.002707896575821104,
  "L1H1": 0.0040400069881201955,
  "L1H2": 0.0009171907756813418,
  "L1H3": 0.0019654088050314465,
  "L1H4": 0.0017251921733053809,
  "L1H5": 0.0013757861635220125,
  "L1H6": 0.001091893780573026,
  "L1H7": 0.006114605171208945,
  "L2H0": 0.0004149196366177498,
  "L2H1": 0.00039308176100628933,
  "L2H2": 0.0005896226415094339,
  "L2H3": 0.0007861635220125787,
  "L2H4": 0.000720649895178197,
  "L2H5": 0.000633298392732355,
  "L2H6": 0.0004585953878406709,
  "L2H7": 0.012403913347309574,
  "L3H0": 0.0004585953878406709,
  "L3H1": 0.007140985324947589,
  "L3H2": 0.0008953529000698812,
  "L3H3": 0.00421470999301188,
  "L3H4": 0.00048043326345213137,
  "L3H5": 0.0006551362683438155,
  "L3H6": 0.00039308176100628933,
  "L3H7": 0.0004149196366177498,
  "L4H0": 0.0006551362683438155,
  "L4H1": 0.0016378406708595387,
  "L4H2": 0.0003275681341719078,
  "L4H3": 0.00030573025856044724,
  "L4H4": 0.00030573025856044724,
  "L4H5": 0.0005022711390635919,
  "L4H6": 0.00030573025856044724,
  "L4H7": 0.0011137316561844863,
  "L5H0": 0.0006988120195667365,
  "L5H1": 0.0003275681341719078,
  "L5H2": 0.000545946890286513,
  "L5H3": 0.0051755765199161426,
  "L5H4": 0.00030573025856044724,
  "L5H5": 0.0003275681341719078,
  "L5H6": 0.00030573025856044724,
  "L5H7": 0.0005241090146750524,
  "L6H0": 0.0003275681341719078,
  "L6H1": 0.0005896226415094339,
  "L6H2": 0.0011574074074074073,
  "L6H3": 0.00034940600978336826,
  "L6H4": 0.0003275681341719078,
  "L6H5": 0.0003275681341719078,
  "L6H6": 0.0005022711390635919,
  "L6H7": 0.0004149196366177498,
  "L7H0": 0.0013321104122990916,
  "L7H1": 0.02657669461914745,
  "L7H2": 0.0022929769392033544,
  "L7H3": 0.0008735150244584207,
  "L7H4": 0.003581411600279525,
  "L7H5": 0.007424877707896575,
  "L7H6": 0.0026423829489867225,
  "L7H7": 0.004760656883298393,
  "L8H0": 0.0025987071977638014,
  "L8H1": 0.002882599580712788,
  "L8H2": 0.0023366526904262754,
  "L8H3": 0.0014849755415793152,
  "L8H4": 0.00635482180293501,
  "L8H5": 0.002402166317260657,
  "L8H6": 0.0014631376659678546,
  "L8H7": 0.0023148148148148147,
  "L9H0": 0.0012884346610761706,
  "L9H1": 0.001222921034241789,
  "L9H2": 0.009368448637316562,
  "L9H3": 0.0020527603074772887,
  "L9H4": 0.01648759608665269,
  "L9H5": 0.0016596785464709992,
  "L9H6": 0.0018562194269741439,
  "L9H7": 0.015614081062194269,
  "L10H0": 0.005284765897973445,
  "L10H1": 0.003297519217330538,
  "L10H2": 0.0036469252271139063,
  "L10H3": 0.002620545073375262,
  "L10H4": 0.001812543675751223,
  "L10H5": 0.0014194619147449336,
  "L10H6": 0.004149196366177498,
  "L10H7": 0.002838923829489867,
  "L11H0": 0.001899895178197065,
  "L11H1": 0.0027734102026554857,
  "L11H2": 0.015592243186582809,
  "L11H3": 0.0024676799440950382,
  "L11H4": 0.002751572327044025,
  "L11H5": 0.004018169112508735,
  "L11H6": 0.0032320055904961563,
  "L11H7": 0.0022929769392033544,
  "L12H0": 0.00379979035639413,
  "L12H1": 0.0025113556953179593,
  "L12H2": 0.002620545073375262,
  "L12H3": 0.002576869322152341,
  "L12H4": 0.0016160027952480782,
  "L12H5": 0.0024676799440950382,
  "L12H6": 0.012534940600978336,
  "L12H7": 0.0072064989517819705,
  "L13H0": 0.006136443046820405,
  "L13H1": 0.0015504891684136968,
  "L13H2": 0.012163696715583507,
  "L13H3": 0.02572501747030049,
  "L13H4": 0.003515897973445143,
  "L13H5": 0.001812543675751223,
  "L13H6": 0.0017251921733053809,
  "L13H7": 0.016705974842767295,
  "L14H0": 0.005306603773584905,
  "L14H1": 0.0031883298392732357,
  "L14H2": 0.0025987071977638014,
  "L14H3": 0.009128232005590497,
  "L14H4": 0.002074598183088749,
  "L14H5": 0.003210167714884696,
  "L14H6": 0.0037124388539482877,
  "L14H7": 0.0009171907756813418,
  "L15H0": 0.0015068134171907757,
  "L15H1": 0.005415793151642208,
  "L15H2": 0.01605083857442348,
  "L15H3": 0.007555904961565339,
  "L15H4": 0.0032756813417190774,
  "L15H5": 0.0031883298392732357,
  "L15H6": 0.002882599580712788,
  "L15H7": 0.0024240041928721176,
  "L16H0": 0.0027734102026554857,
  "L16H1": 0.001899895178197065,
  "L16H2": 0.001899895178197065,
  "L16H3": 0.0012884346610761706,
  "L16H4": 0.0014631376659678546,
  "L16H5": 0.009739692522711391,
  "L16H6": 0.0008953529000698812,
  "L16H7": 0.0022711390635918936,
  "L17H0": 0.002140111809923131,
  "L17H1": 0.006136443046820405,
  "L17H2": 0.0005022711390635919,
  "L17H3": 0.004585953878406709,
  "L17H4": 0.003843466107617051,
  "L17H5": 0.006289308176100629,
  "L17H6": 0.011224668064290707,
  "L17H7": 0.00039308176100628933,
  "L18H0": 0.00019654088050314466,
  "L18H1": 0.0032320055904961563,
  "L18H2": 0.001943570929419986,
  "L18H3": 0.007730607966457023,
  "L18H4": 0.007512229210342418,
  "L18H5": 0.005874388539482879,
  "L18H6": 0.002489517819706499,
  "L18H7": 0.0018343815513626835,
  "L19H0": 0.0023148148148148147,
  "L19H1": 0.00048043326345213137,
  "L19H2": 0.0006988120195667365,
  "L19H3": 0.007446715583508037,
  "L19H4": 0.00048043326345213137,
  "L19H5": 0.0004149196366177498,
  "L19H6": 0.014609538784067086,
  "L19H7": 0.002445842068483578,
  "L20H0": 0.00048043326345213137,
  "L20H1": 0.002030922431865828,
  "L20H2": 0.0037779524807826695,
  "L20H3": 0.010263801537386444,
  "L20H4": 0.010940775681341719,
  "L20H5": 0.00847309573724668,
  "L20H6": 0.003756114605171209,
  "L20H7": 0.009040880503144654,
  "L21H0": 4.367575122292103e-05,
  "L21H1": 0.0015504891684136968,
  "L21H2": 0.013823375262054507,
  "L21H3": 0.0002838923829489867,
  "L21H4": 0.0033411949685534592,
  "L21H5": 0.00969601677148847,
  "L21H6": 0.004476764500349406,
  "L21H7": 0.0032756813417190774,
  "L22H0": 0.000676974143955276,
  "L22H1": 0.008320230607966456,
  "L22H2": 0.000720649895178197,
  "L22H3": 0.00048043326345213137,
  "L22H4": 0.0008298392732354996,
  "L22H5": 0.01264412997903564,
  "L22H6": 0.0002620545073375262,
  "L22H7": 0.0003712438853948288,
  "L23H0": 0.0005241090146750524,
  "L23H1": 0.009674178895877008,
  "L23H2": 0.008778825995807128,
  "L23H3": 0.008516771488469601,
  "L23H4": 6.551362683438155e-05,
  "L23H5": 0.0022493011879804333,
  "L23H6": 0.00021837875611460517,
  "L23H7": 0.008276554856743536,
  "L24H0": 0.00034940600978336826,
  "L24H1": 0.009215583508036338,
  "L24H2": 0.004585953878406709,
  "L24H3": 0.009193745632424878,
  "L24H4": 0.001899895178197065,
  "L24H5": 0.01222921034241789,
  "L24H6": 0.001812543675751223,
  "L24H7": 0.008931691125087352,
  "L25H0": 0.00030573025856044724,
  "L25H1": 0.0003712438853948288,
  "L25H2": 0.006092767295597485,
  "L25H3": 0.00030573025856044724,
  "L25H4": 8.735150244584206e-05,
  "L25H5": 0.0007861635220125787,
  "L25H6": 0.00030573025856044724,
  "L25H7": 0.0032320055904961563,
  "L26H0": 0.00010918937805730259,
  "L26H1": 0.0009827044025157233,
  "L26H2": 4.367575122292103e-05,
  "L26H3": 0.00589622641509434,
  "L26H4": 0.003930817610062893,
  "L26H5": 0.001091893780573026,
  "L26H6": 0.005699685534591195,
  "L26H7": 0.004454926624737945,
  "L27H0": 8.735150244584206e-05,
  "L27H1": 8.735150244584206e-05,
  "L27H2": 0.0002838923829489867,
  "L27H3": 0.0011792452830188679,
  "L27H4": 0.005939902166317261,
  "L27H5": 0.00024021663172606568,
  "L27H6": 0.00030573025856044724,
  "L27H7": 0.0016160027952480782,
  "L28H0": 0.008320230607966456,
  "L28H1": 0.00021837875611460517,
  "L28H2": 0.004454926624737945,
  "L28H3": 0.0026642208245981833,
  "L28H4": 0.0037342767295597485,
  "L28H5": 0.006180118798043326,
  "L28H6": 6.551362683438155e-05,
  "L28H7": 4.367575122292103e-05,
  "L29H0": 0.0069881201956673656,
  "L29H1": 0.0037124388539482877,
  "L29H2": 0.009783368273934312,
  "L29H3": 0.011268343815513627,
  "L29H4": 0.0002620545073375262,
  "L29H5": 4.367575122292103e-05,
  "L29H6": 0.0020527603074772887,
  "L29H7": 0.00010918937805730259,