{
  "L0H0": 0.016431390406800243,
  "L0H1": 0.0040224650880388586,
  "L0H2": 0.005141924711596843,
  "L0H3": 0.0051608986035215545,
  "L0H4": 0.00593882817243473,
  "L0H5": 0.00760853066180935,
  "L0H6": 0.00273224043715847,
  "L0H7": 0.0027512143290831814,
  "L1H0": 0.002276867030965392,
  "L1H1": 0.0025994231936854887,
  "L1H2": 0.001138433515482696,
  "L1H3": 0.0021250758955676987,
  "L1H4": 0.000986642380085003,
  "L1H5": 0.0006261384335154827,
  "L1H6": 0.0011004857316332726,
  "L1H7": 0.004952185792349727,
  "L2H0": 0.00039845173041894356,
  "L2H1": 0.00043639951426836674,
  "L2H2": 0.0006451123254401943,
  "L2H3": 0.0007779295689131755,
  "L2H4": 0.0006830601092896175,
  "L2H5": 0.0007969034608378871,
  "L2H6": 0.0003794778384942319,
  "L2H7": 0.013812993321190042,
  "L3H0": 0.00041742562234365515,
  "L3H1": 0.0073618700667881,
  "L3H2": 0.0011574074074074073,
  "L3H3": 0.004345021250758955,
  "L3H4": 0.0005312689738919247,
  "L3H5": 0.0007589556769884638,
  "L3H6": 0.0003794778384942319,
  "L3H7": 0.00039845173041894356,
  "L4H0": 0.0006830601092896175,
  "L4H1": 0.0023337887067395265,
  "L4H2": 0.00032255616272009716,
  "L4H3": 0.00030358227079538557,
  "L4H4": 0.00030358227079538557,
  "L4H5": 0.0005312689738919247,
  "L4H6": 0.00032255616272009716,
  "L4H7": 0.001366120218579235,
  "L5H0": 0.0006071645415907711,
  "L5H1": 0.00034153005464480874,
  "L5H2": 0.0005312689738919247,
  "L5H3": 0.005559350333940498,
  "L5H4": 0.00032255616272009716,
  "L5H5": 0.00034153005464480874,
  "L5H6": 0.00032255616272009716,
  "L5H7": 0.00043639951426836674,
  "L6H0": 0.00030358227079538557,
  "L6H1": 0.0005122950819672131,
  "L6H2": 0.001366120218579235,
  "L6H3": 0.0004553734061930783,
  "L6H4": 0.00036050394656952033,
  "L6H5": 0.00030358227079538557,
  "L6H6": 0.0005502428658166363,
  "L6H7": 0.00041742562234365515,
  "L7H0": 0.0008538251366120218,
  "L7H1": 0.02734137826350941,
  "L7H2": 0.00178354584092289,
  "L7H3": 0.0017645719489981786,
  "L7H4": 0.0034153005464480873,
  "L7H5": 0.00903157255616272,
  "L7H6": 0.002087128111718276,
  "L7H7": 0.004003491196114147,
  "L8H0": 0.0028650576806314512,
  "L8H1": 0.003282483302975106,
  "L8H2": 0.0022958409228901033,
  "L8H3": 0.0018594414086217366,
  "L8H4": 0.007760321797207043,
  "L8H5": 0.0023717364905889494,
  "L8H6": 0.0018594414086217366,
  "L8H7": 0.00225789313904068,
  "L9H0": 0.0012522768670309653,
  "L9H1": 0.0009676684881602915,
  "L9H2": 0.010056162720097146,
  "L9H3": 0.0025804493017607772,
  "L9H4": 0.017171372191863994,
  "L9H5": 0.0015748330297510626,
  "L9H6": 0.0020112325440194293,
  "L9H7": 0.016374468731026107,
  "L10H0": 0.00688752276867031,
  "L10H1": 0.0035101700060716453,
  "L10H2": 0.00368093503339405,
  "L10H3": 0.0029030054644808745,
  "L10H4": 0.002352762598664238,
  "L10H5": 0.0015179113539769277,
  "L10H6": 0.0052557680631451125,
  "L10H7": 0.0036999089253187613,
  "L11H0": 0.0021440497874924106,
  "L11H1": 0.003339404978749241,
  "L11H2": 0.016222677595628416,
  "L11H3": 0.00368093503339405,
  "L11H4": 0.003301457194899818,
  "L11H5": 0.004439890710382513,
  "L11H6": 0.003377352762598664,
  "L11H7": 0.0029789010321797206,
  "L12H0": 0.0020112325440194293,
  "L12H1": 0.0018025197328476017,
  "L12H2": 0.0030927443837279905,
  "L12H3": 0.0029030054644808745,
  "L12H4": 0.0015179113539769277,
  "L12H5": 0.002352762598664238,
  "L12H6": 0.012105343047965999,
  "L12H7": 0.007475713418336369,
  "L13H0": 0.006489071038251366,
  "L13H1": 0.0005502428658166363,
  "L13H2": 0.01081511839708561,
  "L13H3": 0.024647085610200365,
  "L13H4": 0.004724499089253187,
  "L13H5": 0.002068154219793564,
  "L13H6": 0.0018594414086217366,
  "L13H7": 0.017778536733454767,
  "L14H0": 0.005293715846994535,
  "L14H1": 0.004174256223436552,
  "L14H2": 0.002637370977534912,
  "L14H3": 0.008955676988463874,
  "L14H4": 0.0020112325440194293,
  "L14H5": 0.003054796599878567,
  "L14H6": 0.004079386763812994,
  "L14H7": 0.000569216757741348,
  "L15H0": 0.0011574074074074073,
  "L15H1": 0.006033697632058288,
  "L15H2": 0.01557756527018822,
  "L15H3": 0.00808287795992714,
  "L15H4": 0.0028081360048573165,
  "L15H5": 0.0024286581663630845,
  "L15H6": 0.003377352762598664,
  "L15H7": 0.0021061020036429873,
  "L16H0": 0.0031876138433515485,
  "L16H1": 0.0020302064359441407,
  "L16H2": 0.00178354584092289,
  "L16H3": 0.0011194596235579843,
  "L16H4": 0.0014799635701275046,
  "L16H5": 0.010663327261687918,
  "L16H6": 0.0008538251366120218,
  "L16H7": 0.0025804493017607772,
  "L17H0": 0.0023717364905889494,
  "L17H1": 0.006071645415907711,
  "L17H2": 0.000284608378870674,
  "L17H3": 0.004458864602307226,
  "L17H4": 0.004345021250758955,
  "L17H5": 0.00665983606557377,
  "L17H6": 0.01164996964177292,
  "L17H7": 0.00039845173041894356,
  "L18H0": 7.589556769884639e-05,
  "L18H1": 0.0041173345476624166,
  "L18H2": 0.0025994231936854887,
  "L18H3": 0.007096235579842137,
  "L18H4": 0.007323922282938676,
  "L18H5": 0.005293715846994535,
  "L18H6": 0.003870673952641166,
  "L18H7": 0.00273224043715847,
  "L19H0": 0.003377352762598664,
  "L19H1": 0.0004743472981177899,
  "L19H2": 0.00041742562234365515,
  "L19H3": 0.006906496660595021,
  "L19H4": 0.00041742562234365515,
  "L19H5": 7.589556769884639e-05,
  "L19H6": 0.013888888888888888,
  "L19H7": 0.003472222222222222,
  "L20H0": 0.00032255616272009716,
  "L20H1": 0.0013471463266545233,
  "L20H2": 0.0038327261687917426,
  "L20H3": 0.009335154826958106,
  "L20H4": 0.010511536126290225,
  "L20H5": 0.009069520340012143,
  "L20H6": 0.0037378567091681846,
  "L20H7": 0.009202337583485124,
  "L21H0": 3.7947783849423196e-05,
  "L21H1": 0.001138433515482696,
  "L21H2": 0.013035063752276867,
  "L21H3": 0.00026563448694596234,
  "L21H4": 0.00451578627808136,
  "L21H5": 0.009411050394656952,
  "L21H6": 0.004534760170006071,
  "L21H7": 0.00356709168184578,
  "L22H0": 0.00043639951426836674,
  "L22H1": 0.00832953855494839,
  "L22H2": 0.0010056162720097146,
  "L22H3": 0.00030358227079538557,
  "L22H4": 0.0009486945962355798,
  "L22H5": 0.01164996964177292,
  "L22H6": 0.00017076502732240437,
  "L22H7": 0.00022768670309653916,
  "L23H0": 0.000284608378870674,
  "L23H1": 0.009771554341226472,
  "L23H2": 0.009183363691560413,
  "L23H3": 0.009088494231936854,
  "L23H4": 5.692167577413479e-05,
  "L23H5": 0.002181997571341834,
  "L23H6": 5.692167577413479e-05,
  "L23H7": 0.007627504553734062,
  "L24H0": 9.486945962355798e-05,
  "L24H1": 0.008215695203400122,
  "L24H2": 0.004667577413479053,
  "L24H3": 0.009923345476624166,
  "L24H4": 0.0023337887067395265,
  "L24H5": 0.012674559805707346,
  "L24H6": 0.0013281724347298117,
  "L24H7": 0.007912112932604735,
  "L25H0": 0.00013281724347298117,
  "L25H1": 0.0006071645415907711,
  "L25H2": 0.006147540983606557,
  "L25H3": 0.00020871281117182757,
  "L25H4": 5.692167577413479e-05,
  "L25H5": 0.0005122950819672131,
  "L25H6": 0.00034153005464480874,
  "L25H7": 0.0029789010321797206,
  "L26H0": 5.692167577413479e-05,
  "L26H1": 0.0006261384335154827,
  "L26H2": 3.7947783849423196e-05,
  "L26H3": 0.005312689738919247,
  "L26H4": 0.004174256223436552,
  "L26H5": 0.000891772920461445,
  "L26H6": 0.006527018822100789,
  "L26H7": 0.00451578627808136,
  "L27H0": 5.692167577413479e-05,
  "L27H1": 7.589556769884639e-05,
  "L27H2": 3.7947783849423196e-05,
  "L27H3": 0.000569216757741348,
  "L27H4": 0.005673193685488767,
  "L27H5": 0.00013281724347298117,
  "L27H6": 0.00017076502732240437,
  "L27H7": 0.0014989374620522162,
  "L28H0": 0.007191105039465695,
  "L28H1": 9.486945962355798e-05,
  "L28H2": 0.0037378567091681846,
  "L28H3": 0.00225789313904068,
  "L28H4": 0.0031686399514268366,
  "L28H5": 0.005749089253187614,
  "L28H6": 3.7947783849423196e-05,
  "L28H7": 3.7947783849423196e-05,
  "L29H0": 0.006735731633272617,
  "L29H1": 0.002921979356405586,
  "L29H2": 0.010720248937462052,
  "L29H3": 0.011422282938676382,
  "L29H4": 5.692167577413479e-05,
  "L29H5": 3.7947783849423196e-05,
  "L29H6": 0.0032635094110503946,
  "L29H7": 5.692167577413479e-05,