{
  "L0H0": 0.015952093397745573,
  "L0H1": 0.004755434782608696,
  "L0H2": 0.008202495974235105,
  "L0H3": 0.0040006038647343,
  "L0H4": 0.004856078904991948,
  "L0H5": 0.006567028985507246,
  "L0H6": 0.0032960950080515297,
  "L0H7": 0.0037489935587761676,
  "L1H0": 0.002843196457326892,
  "L1H1": 0.004453502415458937,
  "L1H2": 0.0013838566827697263,
  "L1H3": 0.0017864331723027374,
  "L1H4": 0.0010316022544283414,
  "L1H5": 0.0007045088566827697,
  "L1H6": 0.0013083735909822866,
  "L1H7": 0.00518317230273752,
  "L2H0": 0.00037741545893719806,
  "L2H1": 0.00037741545893719806,
  "L2H2": 0.0007045088566827697,
  "L2H3": 0.0007799919484702093,
  "L2H4": 0.0006290257648953301,
  "L2H5": 0.0009057971014492754,
  "L2H6": 0.00040257648953301127,
  "L2H7": 0.010945048309178744,
  "L3H0": 0.0005283816425120773,
  "L3H1": 0.00636574074074074,
  "L3H2": 0.0008806360708534622,
  "L3H3": 0.005107689210950081,
  "L3H4": 0.0004780595813204509,
  "L3H5": 0.000855475040257649,
  "L3H6": 0.00037741545893719806,
  "L3H7": 0.00037741545893719806,
  "L4H0": 0.0006793478260869565,
  "L4H1": 0.0014341787439613527,
  "L4H2": 0.00037741545893719806,
  "L4H3": 0.00035225442834138486,
  "L4H4": 0.00035225442834138486,
  "L4H5": 0.0004528985507246377,
  "L4H6": 0.00035225442834138486,
  "L4H7": 0.0013335346215781,
  "L5H0": 0.0006038647342995169,
  "L5H1": 0.00035225442834138486,
  "L5H2": 0.0009561191626409018,
  "L5H3": 0.005736714975845411,
  "L5H4": 0.00035225442834138486,
  "L5H5": 0.00035225442834138486,
  "L5H6": 0.00035225442834138486,
  "L5H7": 0.00037741545893719806,
  "L6H0": 0.00035225442834138486,
  "L6H1": 0.0005535426731078905,
  "L6H2": 0.0012832125603864735,
  "L6H3": 0.0004528985507246377,
  "L6H4": 0.00035225442834138486,
  "L6H5": 0.00035225442834138486,
  "L6H6": 0.0005535426731078905,
  "L6H7": 0.00037741545893719806,
  "L7H0": 0.002088365539452496,
  "L7H1": 0.02465780998389694,
  "L7H2": 0.003170289855072464,
  "L7H3": 0.0012832125603864735,
  "L7H4": 0.003572866344605475,
  "L7H5": 0.007825080515297907,
  "L7H6": 0.0020380434782608695,
  "L7H7": 0.005132850241545894,
  "L8H0": 0.003044484702093398,
  "L8H1": 0.0038747987117552334,
  "L8H2": 0.0031199677938808373,
  "L8H3": 0.002239331723027375,
  "L8H4": 0.005434782608695652,
  "L8H5": 0.0027677133655394526,
  "L8H6": 0.002113526570048309,
  "L8H7": 0.002943840579710145,
  "L9H0": 0.0012832125603864735,
  "L9H1": 0.001006441223832528,
  "L9H2": 0.009410225442834139,
  "L9H3": 0.00259158615136876,
  "L9H4": 0.013209541062801932,
  "L9H5": 0.002113526570048309,
  "L9H6": 0.002012882447665056,
  "L9H7": 0.015448872785829307,
  "L10H0": 0.004025764895330112,
  "L10H1": 0.00196256038647343,
  "L10H2": 0.0025412640901771337,
  "L10H3": 0.0019373993558776167,
  "L10H4": 0.0019122383252818036,
  "L10H5": 0.0013335346215781,
  "L10H6": 0.004252214170692431,
  "L10H7": 0.0036231884057971015,
  "L11H0": 0.0019373993558776167,
  "L11H1": 0.0026670692431562,
  "L11H2": 0.013637278582930757,
  "L11H3": 0.003975442834138487,
  "L11H4": 0.002566425120772947,
  "L11H5": 0.003421900161030596,
  "L11H6": 0.003421900161030596,
  "L11H7": 0.0016354669887278584,
  "L12H0": 0.0018619162640901772,
  "L12H1": 0.002440619967793881,
  "L12H2": 0.0030193236714975845,
  "L12H3": 0.0030193236714975845,
  "L12H4": 0.0017864331723027374,
  "L12H5": 0.002616747181964573,
  "L12H6": 0.010542471819645733,
  "L12H7": 0.006743156199677938,
  "L13H0": 0.006944444444444444,
  "L13H1": 0.001710950080515298,
  "L13H2": 0.011448268921095009,
  "L13H3": 0.022594605475040257,
  "L13H4": 0.005032206119162641,
  "L13H5": 0.002289653784219002,
  "L13H6": 0.0019373993558776167,
  "L13H7": 0.014241143317230275,
  "L14H0": 0.005409621578099839,
  "L14H1": 0.004881239935587762,
  "L14H2": 0.002214170692431562,
  "L14H3": 0.009158615136876007,
  "L14H4": 0.002189009661835749,
  "L14H5": 0.0029186795491143317,
  "L14H6": 0.0040006038647343,
  "L14H7": 0.0005535426731078905,
  "L15H0": 0.001610305958132045,
  "L15H1": 0.005761876006441223,
  "L15H2": 0.013914049919484701,
  "L15H3": 0.008076690821256038,
  "L15H4": 0.0038496376811594205,
  "L15H5": 0.003270933977455717,
  "L15H6": 0.004025764895330112,
  "L15H7": 0.0032457729468599035,
  "L16H0": 0.003371578099838969,
  "L16H1": 0.002465780998389694,
  "L16H2": 0.002113526570048309,
  "L16H3": 0.0015096618357487923,
  "L16H4": 0.001585144927536232,
  "L16H5": 0.009234098228663445,
  "L16H6": 0.0010819243156199678,
  "L16H7": 0.003044484702093398,
  "L17H0": 0.002440619967793881,
  "L17H1": 0.00636574074074074,
  "L17H2": 0.0005787037037037037,
  "L17H3": 0.005158011272141707,
  "L17H4": 0.005208333333333333,
  "L17H5": 0.006717995169082126,
  "L17H6": 0.011473429951690822,
  "L17H7": 0.0006290257648953301,
  "L18H0": 0.000251610305958132,
  "L18H1": 0.004151570048309179,
  "L18H2": 0.003195450885668277,
  "L18H3": 0.007799919484702093,
  "L18H4": 0.007523148148148148,
  "L18H5": 0.006239935587761675,
  "L18H6": 0.004302536231884058,
  "L18H7": 0.0033464170692431563,
  "L19H0": 0.0033967391304347825,
  "L19H1": 0.0004277375201288245,
  "L19H2": 0.0006793478260869565,
  "L19H3": 0.007472826086956522,
  "L19H4": 0.0006290257648953301,
  "L19H5": 0.000251610305958132,
  "L19H6": 0.011272141706924315,
  "L19H7": 0.003321256038647343,
  "L20H0": 0.0008303140096618357,
  "L20H1": 0.0016354669887278584,
  "L20H2": 0.004302536231884058,
  "L20H3": 0.009359903381642512,
  "L20H4": 0.01107085346215781,
  "L20H5": 0.007321859903381643,
  "L20H6": 0.001710950080515298,
  "L20H7": 0.009183776167471819,
  "L21H0": 2.5161030595813204e-05,
  "L21H1": 0.0016857890499194846,
  "L21H2": 0.01247987117552335,
  "L21H3": 0.0004528985507246377,
  "L21H4": 0.004176731078904992,
  "L21H5": 0.00903280998389694,
  "L21H6": 0.005711553945249598,
  "L21H7": 0.004076086956521739,
  "L22H0": 0.0009561191626409018,
  "L22H1": 0.009133454106280194,
  "L22H2": 0.001107085346215781,
  "L22H3": 0.000503220611916264,
  "L22H4": 0.0009057971014492754,
  "L22H5": 0.007825080515297907,
  "L22H6": 0.00020128824476650564,
  "L22H7": 0.00030193236714975844,
  "L23H0": 0.0006541867954911433,
  "L23H1": 0.008152173913043478,
  "L23H2": 0.009460547504025765,
  "L23H3": 0.010265700483091788,
  "L23H4": 0.000125805152979066,
  "L23H5": 0.00196256038647343,
  "L23H6": 0.00010064412238325282,
  "L23H7": 0.008982487922705314,
  "L24H0": 0.00020128824476650564,
  "L24H1": 0.008177334943639291,
  "L24H2": 0.0053341384863124,
  "L24H3": 0.00973731884057971,
  "L24H4": 0.003044484702093398,
  "L24H5": 0.009133454106280194,
  "L24H6": 0.002113526570048309,
  "L24H7": 0.008831521739130434,
  "L25H0": 0.00015096618357487922,
  "L25H1": 0.00037741545893719806,
  "L25H2": 0.006416062801932367,
  "L25H3": 0.0006290257648953301,
  "L25H4": 0.00022644927536231884,
  "L25H5": 0.0009309581320450886,
  "L25H6": 0.0006290257648953301,
  "L25H7": 0.002717391304347826,
  "L26H0": 7.548309178743961e-05,
  "L26H1": 0.0013083735909822866,
  "L26H2": 2.5161030595813204e-05,
  "L26H3": 0.004629629629629629,
  "L26H4": 0.004956723027375202,
  "L26H5": 0.001358695652173913,
  "L26H6": 0.006818639291465378,
  "L26H7": 0.0053341384863124,
  "L27H0": 2.5161030595813204e-05,
  "L27H1": 0.000125805152979066,
  "L27H2": 0.00017612721417069243,
  "L27H3": 0.0013838566827697263,
  "L27H4": 0.006390901771336554,
  "L27H5": 0.000251610305958132,
  "L27H6": 0.00027677133655394523,
  "L27H7": 0.002189009661835749,
  "L28H0": 0.007623792270531401,
  "L28H1": 0.00030193236714975844,
  "L28H2": 0.004654790660225443,
  "L28H3": 0.0021386876006441223,
  "L28H4": 0.003950281803542673,
  "L28H5": 0.005384460547504025,
  "L28H6": 7.548309178743961e-05,
  "L28H7": 2.5161030595813204e-05,
  "L29H0": 0.007019927536231884,
  "L29H1": 0.004201892109500805,
  "L29H2": 0.00714573268921095,
  "L29H3": 0.007648953301127214,
  "L29H4": 7.548309178743961e-05,
  "L29H5": 2.5161030595813204e-05,
  "L29H6": 0.003321256038647343,
  "L29H7": 0.00015096618357487922,
  "L30H0": 0.00027677133655394523,