{
  "L0H0": 0.01158008658008658,
  "L0H1": 0.008134920634920636,
  "L0H2": 0.00781926406926407,
  "L0H3": 0.004292929292929293,
  "L0H4": 0.01011002886002886,
  "L0H5": 0.0059253246753246756,
  "L0H6": 0.002904040404040404,
  "L0H7": 0.004617604617604618,
  "L1H0": 0.0011093073593073594,
  "L1H1": 0.0018578643578643578,
  "L1H2": 0.00041486291486291486,
  "L1H3": 0.0015331890331890332,
  "L1H4": 0.0005140692640692641,
  "L1H5": 0.0012445887445887446,
  "L1H6": 0.0005321067821067821,
  "L1H7": 0.0031204906204906203,
  "L2H0": 0.00026154401154401157,
  "L2H1": 0.0003427128427128427,
  "L2H2": 0.000468975468975469,
  "L2H3": 0.0007575757575757576,
  "L2H4": 0.00035173160173160176,
  "L2H5": 0.0005772005772005772,
  "L2H6": 0.0002525252525252525,
  "L2H7": 0.012725468975468975,
  "L3H0": 0.00022546897546897547,
  "L3H1": 0.008207070707070708,
  "L3H2": 0.0011814574314574315,
  "L3H3": 0.003959235209235209,
  "L3H4": 0.0007215007215007215,
  "L3H5": 0.0006493506493506494,
  "L3H6": 0.00022546897546897547,
  "L3H7": 0.00022546897546897547,
  "L4H0": 0.000477994227994228,
  "L4H1": 0.0021194083694083695,
  "L4H2": 0.00022546897546897547,
  "L4H3": 0.00022546897546897547,
  "L4H4": 0.00026154401154401157,
  "L4H5": 0.00044191919191919195,
  "L4H6": 0.00030663780663780664,
  "L4H7": 0.0010281385281385282,
  "L5H0": 0.0003787878787878788,
  "L5H1": 0.00021645021645021645,
  "L5H2": 0.00038780663780663783,
  "L5H3": 0.005140692640692641,
  "L5H4": 0.00022546897546897547,
  "L5H5": 0.00021645021645021645,
  "L5H6": 0.00020743145743145743,
  "L5H7": 0.0003246753246753247,
  "L6H0": 0.0002795815295815296,
  "L6H1": 0.000487012987012987,
  "L6H2": 0.0015602453102453102,
  "L6H3": 0.00026154401154401157,
  "L6H4": 0.0003336940836940837,
  "L6H5": 0.0002344877344877345,
  "L6H6": 0.00036075036075036075,
  "L6H7": 0.0002795815295815296,
  "L7H0": 0.0013077200577200577,
  "L7H1": 0.023575036075036075,
  "L7H2": 0.0017586580086580087,
  "L7H3": 0.0003697691197691198,
  "L7H4": 0.002822871572871573,
  "L7H5": 0.008784271284271285,
  "L7H6": 0.002804834054834055,
  "L7H7": 0.003345959595959596,
  "L8H0": 0.0019931457431457433,
  "L8H1": 0.0021013708513708514,
  "L8H2": 0.002353896103896104,
  "L8H3": 0.0018488455988455988,
  "L8H4": 0.006502525252525253,
  "L8H5": 0.0026334776334776336,
  "L8H6": 0.0015151515151515152,
  "L8H7": 0.0021284271284271283,
  "L9H0": 0.0015512265512265513,
  "L9H1": 0.0007395382395382396,
  "L9H2": 0.011102092352092353,
  "L9H3": 0.0016684704184704185,
  "L9H4": 0.014276695526695526,
  "L9H5": 0.0012265512265512266,
  "L9H6": 0.0026515151515151517,
  "L9H7": 0.017063492063492062,
  "L10H0": 0.004509379509379509,
  "L10H1": 0.0021103896103896102,
  "L10H2": 0.0016143578643578644,
  "L10H3": 0.0016504329004329004,
  "L10H4": 0.000496031746031746,
  "L10H5": 0.0016233766233766235,
  "L10H6": 0.004247835497835498,
  "L10H7": 0.0024891774891774893,
  "L11H0": 0.0021645021645021645,
  "L11H1": 0.0020743145743145745,
  "L11H2": 0.010344516594516594,
  "L11H3": 0.002858946608946609,
  "L11H4": 0.0016053391053391054,
  "L11H5": 0.0030844155844155846,
  "L11H6": 0.0026605339105339105,
  "L11H7": 0.001497113997113997,
  "L12H0": 0.004004329004329004,
  "L12H1": 0.002426046176046176,
  "L12H2": 0.0026875901875901874,
  "L12H3": 0.0026244588744588743,
  "L12H4": 0.0013708513708513709,
  "L12H5": 0.0024440836940836943,
  "L12H6": 0.01240981240981241,
  "L12H7": 0.006222943722943723,
  "L13H0": 0.005871212121212121,
  "L13H1": 0.0004238816738816739,
  "L13H2": 0.012536075036075036,
  "L13H3": 0.02454004329004329,
  "L13H4": 0.0035804473304473306,
  "L13H5": 0.001920995670995671,
  "L13H6": 0.0011093073593073594,
  "L13H7": 0.017595598845598845,
  "L14H0": 0.004635642135642135,
  "L14H1": 0.0035894660894660894,
  "L14H2": 0.002371933621933622,
  "L14H3": 0.009172077922077922,
  "L14H4": 0.0015782828282828283,
  "L14H5": 0.0038870851370851373,
  "L14H6": 0.0036616161616161618,
  "L14H7": 0.0002795815295815296,
  "L15H0": 0.0008207070707070707,
  "L15H1": 0.006349206349206349,
  "L15H2": 0.016504329004329004,
  "L15H3": 0.009018759018759018,
  "L15H4": 0.002380952380952381,
  "L15H5": 0.001920995670995671,
  "L15H6": 0.00238997113997114,
  "L15H7": 0.002858946608946609,
  "L16H0": 0.002922077922077922,
  "L16H1": 0.0011814574314574315,
  "L16H2": 0.0011904761904761906,
  "L16H3": 0.0010912698412698413,
  "L16H4": 0.000983044733044733,
  "L16H5": 0.01333874458874459,
  "L16H6": 0.0005140692640692641,
  "L16H7": 0.0015873015873015873,
  "L17H0": 0.002976190476190476,
  "L17H1": 0.007007575757575758,
  "L17H2": 0.00041486291486291486,
  "L17H3": 0.004536435786435786,
  "L17H4": 0.004347041847041847,
  "L17H5": 0.007133838383838384,
  "L17H6": 0.011823593073593073,
  "L17H7": 0.0002435064935064935,
  "L18H0": 7.215007215007215e-05,
  "L18H1": 0.004635642135642135,
  "L18H2": 0.0017947330447330447,
  "L18H3": 0.008504689754689754,
  "L18H4": 0.008035714285714285,
  "L18H5": 0.005312049062049062,
  "L18H6": 0.002777777777777778,
  "L18H7": 0.0014790764790764792,
  "L19H0": 0.003012265512265512,
  "L19H1": 0.0001984126984126984,
  "L19H2": 0.0004329004329004329,
  "L19H3": 0.008991702741702742,
  "L19H4": 0.00021645021645021645,
  "L19H5": 7.215007215007215e-05,
  "L19H6": 0.014366883116883116,
  "L19H7": 0.0037788600288600287,
  "L20H0": 0.00015331890331890332,
  "L20H1": 0.002435064935064935,
  "L20H2": 0.003878066378066378,
  "L20H3": 0.010804473304473304,
  "L20H4": 0.013149350649350649,
  "L20H5": 0.011994949494949494,
  "L20H6": 0.004509379509379509,
  "L20H7": 0.012463924963924964,
  "L21H0": 6.313131313131313e-05,
  "L21H1": 0.002453102453102453,
  "L21H2": 0.015106421356421356,
  "L21H3": 0.00011724386724386724,
  "L21H4": 0.005934343434343434,
  "L21H5": 0.01213023088023088,
  "L21H6": 0.005275974025974026,
  "L21H7": 0.004653679653679654,
  "L22H0": 0.0007124819624819625,
  "L22H1": 0.010082972582972582,
  "L22H2": 0.00040584415584415587,
  "L22H3": 0.0002525252525252525,
  "L22H4": 0.00045995670995671,
  "L22H5": 0.01286976911976912,
  "L22H6": 0.00011724386724386724,
  "L22H7": 0.00015331890331890332,
  "L23H0": 0.00022546897546897547,
  "L23H1": 0.011886724386724386,
  "L23H2": 0.010795454545454546,
  "L23H3": 0.009623015873015874,
  "L23H4": 8.116883116883117e-05,
  "L23H5": 0.002777777777777778,
  "L23H6": 0.00017135642135642136,
  "L23H7": 0.0091991341991342,
  "L24H0": 0.00018037518037518038,
  "L24H1": 0.00882034632034632,
  "L24H2": 0.004951298701298701,
  "L24H3": 0.009839466089466089,
  "L24H4": 0.00183982683982684,
  "L24H5": 0.014141414141414142,
  "L24H6": 0.0013437950937950937,
  "L24H7": 0.008630952380952382,
  "L25H0": 0.00012626262626262626,
  "L25H1": 0.0005411255411255411,
  "L25H2": 0.004852092352092352,
  "L25H3": 0.0001893939393939394,
  "L25H4": 5.411255411255411e-05,
  "L25H5": 0.00035173160173160176,
  "L25H6": 0.00021645021645021645,
  "L25H7": 0.0035533910533910532,
  "L26H0": 1.8037518037518038e-05,
  "L26H1": 0.0008567821067821068,
  "L26H2": 9.018759018759019e-06,
  "L26H3": 0.005348124098124098,
  "L26H4": 0.004076479076479077,
  "L26H5": 0.0008026695526695527,
  "L26H6": 0.0051226551226551224,
  "L26H7": 0.004112554112554113,
  "L27H0": 9.92063492063492e-05,
  "L27H1": 0.00010822510822510823,
  "L27H2": 7.215007215007215e-05,
  "L27H3": 0.0009108946608946609,
  "L27H4": 0.0049332611832611836,
  "L27H5": 6.313131313131313e-05,
  "L27H6": 0.0001984126984126984,
  "L27H7": 0.0012806637806637806,
  "L28H0": 0.007927489177489177,
  "L28H1": 4.5093795093795094e-05,
  "L28H2": 0.0032377344877344877,
  "L28H3": 0.0016865079365079366,
  "L28H4": 0.0032016594516594515,
  "L28H5": 0.006664862914862915,
  "L28H6": 9.018759018759019e-06,
  "L28H7": 9.018759018759019e-06,
  "L29H0": 0.006448412698412698,
  "L29H1": 0.003914141414141414,
  "L29H2": 0.011408730158730158,
  "L29H3": 0.013032106782106782,
  "L29H4": 9.018759018759019e-05,
  "L29H5": 1.8037518037518038e-05,
  "L29H6": 0.0026244588744588743,
  "L29H7": 9.92063492063492e-05,