{
  "L0H0": 0.016105200945626476,
  "L0H1": 0.004777383766745469,
  "L0H2": 0.007018321513002364,
  "L0H3": 0.004063238770685579,
  "L0H4": 0.005072892040977148,
  "L0H5": 0.0049743892828999214,
  "L0H6": 0.0030782111899133177,
  "L0H7": 0.0033490937746256896,
  "L1H0": 0.0022409377462568954,
  "L1H1": 0.00320133963750985,
  "L1H2": 0.000911150512214342,
  "L1H3": 0.0019946808510638296,
  "L1H4": 0.0015514184397163121,
  "L1H5": 0.0012066587864460205,
  "L1H6": 0.0010589046493301813,
  "L1H7": 0.006575059101654846,
  "L2H0": 0.0003693853427895981,
  "L2H1": 0.0004186367218282112,
  "L2H2": 0.00064026792750197,
  "L2H3": 0.0007387706855791962,
  "L2H4": 0.0007880220646178094,
  "L2H5": 0.0005171394799054373,
  "L2H6": 0.0003693853427895981,
  "L2H7": 0.014923167848699764,
  "L3H0": 0.0004186367218282112,
  "L3H1": 0.008126477541371158,
  "L3H2": 0.00064026792750197,
  "L3H3": 0.00519602048857368,
  "L3H4": 0.0003693853427895981,
  "L3H5": 0.0004678881008668243,
  "L3H6": 0.0003447596532702916,
  "L3H7": 0.0003693853427895981,
  "L4H0": 0.0004678881008668243,
  "L4H1": 0.0024379432624113476,
  "L4H2": 0.0002462568951930654,
  "L4H3": 0.00022163120567375886,
  "L4H4": 0.0002462568951930654,
  "L4H5": 0.00027088258471237196,
  "L4H6": 0.0002462568951930654,
  "L4H7": 0.000911150512214342,
  "L5H0": 0.0003940110323089047,
  "L5H1": 0.00027088258471237196,
  "L5H2": 0.0004186367218282112,
  "L5H3": 0.005787037037037037,
  "L5H4": 0.0002462568951930654,
  "L5H5": 0.0002462568951930654,
  "L5H6": 0.0002462568951930654,
  "L5H7": 0.000320133963750985,
  "L6H0": 0.0002462568951930654,
  "L6H1": 0.000591016548463357,
  "L6H2": 0.0009850275807722615,
  "L6H3": 0.0002955082742316785,
  "L6H4": 0.000320133963750985,
  "L6H5": 0.0002955082742316785,
  "L6H6": 0.0005171394799054373,
  "L6H7": 0.0003693853427895981,
  "L7H0": 0.001182033096926714,
  "L7H1": 0.028418045705279747,
  "L7H2": 0.0016499211977935382,
  "L7H3": 0.0008126477541371158,
  "L7H4": 0.00320133963750985,
  "L7H5": 0.009086879432624113,
  "L7H6": 0.0022409377462568954,
  "L7H7": 0.0036199763593380615,
  "L8H0": 0.0021178092986603625,
  "L8H1": 0.0028319542947202524,
  "L8H2": 0.002413317572892041,
  "L8H3": 0.002093183609141056,
  "L8H4": 0.006845941686367219,
  "L8H5": 0.0022655634357762015,
  "L8H6": 0.0016252955082742316,
  "L8H7": 0.001600669818754925,
  "L9H0": 0.0009604018912529551,
  "L9H1": 0.0009357762017336486,
  "L9H2": 0.011968085106382979,
  "L9H3": 0.0016991725768321514,
  "L9H4": 0.01716410559495666,
  "L9H5": 0.0014282899921197792,
  "L9H6": 0.0012066587864460205,
  "L9H7": 0.01709022852639874,
  "L10H0": 0.0038169818754925137,
  "L10H1": 0.0023886918833727344,
  "L10H2": 0.002364066193853428,
  "L10H3": 0.002290189125295508,
  "L10H4": 0.0019208037825059101,
  "L10H5": 0.000861899133175729,
  "L10H6": 0.004235618597320725,
  "L10H7": 0.002290189125295508,
  "L11H0": 0.001600669818754925,
  "L11H1": 0.0019208037825059101,
  "L11H2": 0.017040977147360126,
  "L11H3": 0.00256107171000788,
  "L11H4": 0.0018715524034672972,
  "L11H5": 0.0034229708431836093,
  "L11H6": 0.002290189125295508,
  "L11H7": 0.0018715524034672972,
  "L12H0": 0.0013297872340425532,
  "L12H1": 0.002142434988179669,
  "L12H2": 0.0021916863672182822,
  "L12H3": 0.0023394405043341213,
  "L12H4": 0.0014036643026004729,
  "L12H5": 0.0023394405043341213,
  "L12H6": 0.014873916469661151,
  "L12H7": 0.006747438928289992,
  "L13H0": 0.005688534278959811,
  "L13H1": 0.00128053585500394,
  "L13H2": 0.010909180457052798,
  "L13H3": 0.02684200157604413,
  "L13H4": 0.004432624113475178,
  "L13H5": 0.002142434988179669,
  "L13H6": 0.0014529156816390858,
  "L13H7": 0.01979905437352246,
  "L14H0": 0.005048266351457841,
  "L14H1": 0.003472222222222222,
  "L14H2": 0.001970055161544523,
  "L14H3": 0.009702521670606777,
  "L14H4": 0.0019454294720252167,
  "L14H5": 0.002610323089046493,
  "L14H6": 0.003792356185973207,
  "L14H7": 0.0008372734436564224,
  "L15H0": 0.0013051615445232466,
  "L15H1": 0.005417651694247439,
  "L15H2": 0.017631993695823484,
  "L15H3": 0.007830969267139479,
  "L15H4": 0.0024871946414499607,
  "L15H5": 0.0024871946414499607,
  "L15H6": 0.0024379432624113476,
  "L15H7": 0.002093183609141056,
  "L16H0": 0.0029058313632781716,
  "L16H1": 0.0021916863672182822,
  "L16H2": 0.0018961780929866035,
  "L16H3": 0.0009850275807722615,
  "L16H4": 0.0012559101654846336,
  "L16H5": 0.009998029944838456,
  "L16H6": 0.0009604018912529551,
  "L16H7": 0.0023148148148148147,
  "L17H0": 0.0018469267139479906,
  "L17H1": 0.006082545311268716,
  "L17H2": 0.000320133963750985,
  "L17H3": 0.00455575256107171,
  "L17H4": 0.0038908589440504334,
  "L17H5": 0.006230299448384555,
  "L17H6": 0.01132781717888101,
  "L17H7": 0.0004432624113475177,
  "L18H0": 0.0001723798266351458,
  "L18H1": 0.003472222222222222,
  "L18H2": 0.0016745468873128448,
  "L18H3": 0.008126477541371158,
  "L18H4": 0.00711682427107959,
  "L18H5": 0.004999014972419228,
  "L18H6": 0.0028319542947202524,
  "L18H7": 0.0019454294720252167,
  "L19H0": 0.00256107171000788,
  "L19H1": 0.0003447596532702916,
  "L19H2": 0.0003447596532702916,
  "L19H3": 0.00775709219858156,
  "L19H4": 0.0003447596532702916,
  "L19H5": 0.0001231284475965327,
  "L19H6": 0.016967100078802207,
  "L19H7": 0.0024871946414499607,
  "L20H0": 0.000320133963750985,
  "L20H1": 0.0012559101654846336,
  "L20H2": 0.004013987391646966,
  "L20H3": 0.009653270291568164,
  "L20H4": 0.011303191489361703,
  "L20H5": 0.008569739952718676,
  "L20H6": 0.0031028368794326243,
  "L20H7": 0.008668242710795903,
  "L21H0": 2.4625689519306542e-05,
  "L21H1": 0.00128053585500394,
  "L21H2": 0.014775413711583925,
  "L21H3": 0.0002462568951930654,
  "L21H4": 0.003866233254531127,
  "L21H5": 0.010884554767533491,
  "L21H6": 0.003595350669818755,
  "L21H7": 0.0030782111899133177,
  "L22H0": 0.0004925137903861308,
  "L22H1": 0.008668242710795903,
  "L22H2": 0.0006156422379826635,
  "L22H3": 0.0004678881008668243,
  "L22H4": 0.00064026792750197,
  "L22H5": 0.013396375098502758,
  "L22H6": 0.00014775413711583924,
  "L22H7": 0.0001723798266351458,
  "L23H0": 0.0003693853427895981,
  "L23H1": 0.011574074074074073,
  "L23H2": 0.009702521670606777,
  "L23H3": 0.009283884948778565,
  "L23H4": 0.0001723798266351458,
  "L23H5": 0.001600669818754925,
  "L23H6": 0.0001231284475965327,
  "L23H7": 0.008742119779353822,
  "L24H0": 0.00022163120567375886,
  "L24H1": 0.00997340425531915,
  "L24H2": 0.005393026004728132,
  "L24H3": 0.010539795114263199,
  "L24H4": 0.001600669818754925,
  "L24H5": 0.0128053585500394,
  "L24H6": 0.0018961780929866035,
  "L24H7": 0.00975177304964539,
  "L25H0": 0.0001723798266351458,
  "L25H1": 0.0003940110323089047,
  "L25H2": 0.00576241134751773,
  "L25H3": 0.00027088258471237196,
  "L25H4": 0.00019700551615445234,
  "L25H5": 0.0007141449960598896,
  "L25H6": 0.0002462568951930654,
  "L25H7": 0.003004334121355398,
  "L26H0": 9.850275807722617e-05,
  "L26H1": 0.0006648936170212766,
  "L26H2": 2.4625689519306542e-05,
  "L26H3": 0.004949763593380615,
  "L26H4": 0.0040878644602048856,
  "L26H5": 0.0013297872340425532,
  "L26H6": 0.006378053585500394,
  "L26H7": 0.003989361702127659,
  "L27H0": 4.9251379038613084e-05,
  "L27H1": 4.9251379038613084e-05,
  "L27H2": 0.0001723798266351458,
  "L27H3": 0.0006648936170212766,
  "L27H4": 0.006821315996847912,
  "L27H5": 9.850275807722617e-05,
  "L27H6": 7.387706855791962e-05,
  "L27H7": 0.0007880220646178094,
  "L28H0": 0.009210007880220646,
  "L28H1": 0.00022163120567375886,
  "L28H2": 0.003644602048857368,
  "L28H3": 0.0016252955082742316,
  "L28H4": 0.003521473601260835,
  "L28H5": 0.006772064617809299,
  "L28H6": 2.4625689519306542e-05,
  "L28H7": 2.4625689519306542e-05,
  "L29H0": 0.00576241134751773,
  "L29H1": 0.00320133963750985,
  "L29H2": 0.011697202521670606,
  "L29H3": 0.01174645390070922,
  "L29H4": 7.387706855791962e-05,
  "L29H5": 2.4625689519306542e-05,
  "L29H6": 0.0023148148148148147,
  "L29H7": 4.9251379038613084e-05,
  "L30H0": 0.0002955082742316785,