{
  "L0H0": 0.01925925925925926,
  "L0H1": 0.01112962962962963,
  "L0H2": 0.012194444444444445,
  "L0H3": 0.006675925925925926,
  "L0H4": 0.012342592592592593,
  "L0H5": 0.011277777777777777,
  "L0H6": 0.005740740740740741,
  "L0H7": 0.008925925925925926,
  "L1H0": 0.0036018518518518517,
  "L1H1": 0.00587962962962963,
  "L1H2": 0.001638888888888889,
  "L1H3": 0.0032407407407407406,
  "L1H4": 0.0025,
  "L1H5": 0.0028703703703703703,
  "L1H6": 0.00175,
  "L1H7": 0.005175925925925926,
  "L2H0": 0.0002777777777777778,
  "L2H1": 0.0005277777777777777,
  "L2H2": 0.001074074074074074,
  "L2H3": 0.0012777777777777779,
  "L2H4": 0.0009814814814814814,
  "L2H5": 0.0007314814814814815,
  "L2H6": 0.0006296296296296296,
  "L2H7": 0.012675925925925926,
  "L3H0": 0.0003425925925925926,
  "L3H1": 0.005861111111111111,
  "L3H2": 0.001388888888888889,
  "L3H3": 0.0032314814814814814,
  "L3H4": 0.000462962962962963,
  "L3H5": 0.000787037037037037,
  "L3H6": 0.00025925925925925926,
  "L3H7": 0.0002685185185185185,
  "L4H0": 0.0008055555555555556,
  "L4H1": 0.0017314814814814814,
  "L4H2": 0.0003425925925925926,
  "L4H3": 0.00028703703703703703,
  "L4H4": 0.00035185185185185184,
  "L4H5": 0.0006111111111111111,
  "L4H6": 0.0004351851851851852,
  "L4H7": 0.0016296296296296295,
  "L5H0": 0.0006203703703703704,
  "L5H1": 0.00025,
  "L5H2": 0.0005925925925925926,
  "L5H3": 0.004472222222222222,
  "L5H4": 0.00019444444444444443,
  "L5H5": 0.0002037037037037037,
  "L5H6": 0.00021296296296296298,
  "L5H7": 0.00028703703703703703,
  "L6H0": 0.0004537037037037037,
  "L6H1": 0.0004814814814814815,
  "L6H2": 0.0027314814814814814,
  "L6H3": 0.0003333333333333333,
  "L6H4": 0.0004074074074074074,
  "L6H5": 0.00037037037037037035,
  "L6H6": 0.00042592592592592595,
  "L6H7": 0.0002777777777777778,
  "L7H0": 0.0020092592592592592,
  "L7H1": 0.027712962962962964,
  "L7H2": 0.0033148148148148147,
  "L7H3": 0.0014444444444444444,
  "L7H4": 0.005962962962962963,
  "L7H5": 0.00788888888888889,
  "L7H6": 0.0052592592592592595,
  "L7H7": 0.0075,
  "L8H0": 0.003537037037037037,
  "L8H1": 0.0033148148148148147,
  "L8H2": 0.003277777777777778,
  "L8H3": 0.0029814814814814817,
  "L8H4": 0.006527777777777778,
  "L8H5": 0.00362962962962963,
  "L8H6": 0.002037037037037037,
  "L8H7": 0.0025833333333333333,
  "L9H0": 0.002925925925925926,
  "L9H1": 0.0017314814814814814,
  "L9H2": 0.010231481481481482,
  "L9H3": 0.0026759259259259258,
  "L9H4": 0.012018518518518519,
  "L9H5": 0.0023333333333333335,
  "L9H6": 0.0031944444444444446,
  "L9H7": 0.01525,
  "L10H0": 0.007064814814814815,
  "L10H1": 0.004314814814814815,
  "L10H2": 0.0028333333333333335,
  "L10H3": 0.0032407407407407406,
  "L10H4": 0.0015833333333333333,
  "L10H5": 0.002648148148148148,
  "L10H6": 0.0057314814814814815,
  "L10H7": 0.004175925925925926,
  "L11H0": 0.00325,
  "L11H1": 0.003824074074074074,
  "L11H2": 0.01149074074074074,
  "L11H3": 0.004638888888888889,
  "L11H4": 0.0035925925925925925,
  "L11H5": 0.005564814814814815,
  "L11H6": 0.0034814814814814817,
  "L11H7": 0.0035092592592592593,
  "L12H0": 0.006555555555555556,
  "L12H1": 0.0035555555555555557,
  "L12H2": 0.004509259259259259,
  "L12H3": 0.004027777777777778,
  "L12H4": 0.0026203703703703706,
  "L12H5": 0.0036203703703703706,
  "L12H6": 0.01062962962962963,
  "L12H7": 0.007694444444444445,
  "L13H0": 0.006675925925925926,
  "L13H1": 0.0005462962962962962,
  "L13H2": 0.011092592592592593,
  "L13H3": 0.023055555555555555,
  "L13H4": 0.005342592592592592,
  "L13H5": 0.003648148148148148,
  "L13H6": 0.0032222222222222222,
  "L13H7": 0.0155,
  "L14H0": 0.006675925925925926,
  "L14H1": 0.005712962962962963,
  "L14H2": 0.0031203703703703706,
  "L14H3": 0.00875925925925926,
  "L14H4": 0.0032222222222222222,
  "L14H5": 0.00537962962962963,
  "L14H6": 0.005462962962962963,
  "L14H7": 0.0006111111111111111,
  "L15H0": 0.0025185185185185185,
  "L15H1": 0.006814814814814815,
  "L15H2": 0.01175,
  "L15H3": 0.00850925925925926,
  "L15H4": 0.004212962962962963,
  "L15H5": 0.005027777777777778,
  "L15H6": 0.004037037037037037,
  "L15H7": 0.004657407407407407,
  "L16H0": 0.004759259259259259,
  "L16H1": 0.0023333333333333335,
  "L16H2": 0.0021574074074074074,
  "L16H3": 0.002074074074074074,
  "L16H4": 0.002064814814814815,
  "L16H5": 0.008907407407407407,
  "L16H6": 0.0010648148148148149,
  "L16H7": 0.0028796296296296296,
  "L17H0": 0.002712962962962963,
  "L17H1": 0.00612962962962963,
  "L17H2": 0.00017592592592592592,
  "L17H3": 0.00475,
  "L17H4": 0.0047314814814814815,
  "L17H5": 0.004935185185185185,
  "L17H6": 0.01112037037037037,
  "L17H7": 0.0002314814814814815,
  "L18H0": 6.481481481481482e-05,
  "L18H1": 0.004675925925925926,
  "L18H2": 0.0026666666666666666,
  "L18H3": 0.006388888888888889,
  "L18H4": 0.0077777777777777776,
  "L18H5": 0.005472222222222222,
  "L18H6": 0.004,
  "L18H7": 0.0033888888888888888,
  "L19H0": 0.003925925925925926,
  "L19H1": 0.00021296296296296298,
  "L19H2": 0.0005,
  "L19H3": 0.007583333333333333,
  "L19H4": 0.0002037037037037037,
  "L19H5": 8.333333333333333e-05,
  "L19H6": 0.008157407407407407,
  "L19H7": 0.00362962962962963,
  "L20H0": 0.00032407407407407406,
  "L20H1": 0.0015185185185185184,
  "L20H2": 0.003712962962962963,
  "L20H3": 0.009027777777777777,
  "L20H4": 0.010101851851851851,
  "L20H5": 0.0045925925925925926,
  "L20H6": 0.0004074074074074074,
  "L20H7": 0.008185185185185186,
  "L21H0": 8.333333333333333e-05,
  "L21H1": 0.000925925925925926,
  "L21H2": 0.011222222222222222,
  "L21H3": 9.259259259259259e-05,
  "L21H4": 0.005092592592592593,
  "L21H5": 0.007611111111111111,
  "L21H6": 0.0043518518518518515,
  "L21H7": 0.003990740740740741,
  "L22H0": 0.000537037037037037,
  "L22H1": 0.009185185185185185,
  "L22H2": 0.0009351851851851852,
  "L22H3": 0.0003981481481481481,
  "L22H4": 0.0006574074074074074,
  "L22H5": 0.005185185185185185,
  "L22H6": 0.00012037037037037037,
  "L22H7": 9.259259259259259e-05,
  "L23H0": 0.0004537037037037037,
  "L23H1": 0.0039722222222222225,
  "L23H2": 0.00912962962962963,
  "L23H3": 0.008861111111111111,
  "L23H4": 7.407407407407407e-05,
  "L23H5": 0.0008333333333333334,
  "L23H6": 0.00025925925925925926,
  "L23H7": 0.006888888888888889,
  "L24H0": 0.00010185185185185185,
  "L24H1": 0.005231481481481481,
  "L24H2": 0.0038055555555555555,
  "L24H3": 0.009148148148148148,
  "L24H4": 0.0022314814814814814,
  "L24H5": 0.007657407407407407,
  "L24H6": 0.001574074074074074,
  "L24H7": 0.007212962962962963,
  "L25H0": 8.333333333333333e-05,
  "L25H1": 0.00019444444444444443,
  "L25H2": 0.00637962962962963,
  "L25H3": 0.00016666666666666666,
  "L25H4": 2.777777777777778e-05,
  "L25H5": 0.0004907407407407407,
  "L25H6": 0.0007777777777777777,
  "L25H7": 0.0018703703703703703,
  "L26H0": 2.777777777777778e-05,
  "L26H1": 0.00047222222222222224,
  "L26H2": 1.8518518518518518e-05,
  "L26H3": 0.0027222222222222222,
  "L26H4": 0.0036203703703703706,
  "L26H5": 0.001212962962962963,
  "L26H6": 0.006314814814814815,
  "L26H7": 0.004638888888888889,
  "L27H0": 7.407407407407407e-05,
  "L27H1": 6.481481481481482e-05,
  "L27H2": 7.407407407407407e-05,
  "L27H3": 0.0009351851851851852,
  "L27H4": 0.004916666666666666,
  "L27H5": 0.00012037037037037037,
  "L27H6": 8.333333333333333e-05,
  "L27H7": 0.0017592592592592592,
  "L28H0": 0.005083333333333333,
  "L28H1": 4.6296296296296294e-05,
  "L28H2": 0.0032685185185185187,
  "L28H3": 0.0013148148148148149,
  "L28H4": 0.0031203703703703706,
  "L28H5": 0.0028888888888888888,
  "L28H6": 1.8518518518518518e-05,
  "L28H7": 1.8518518518518518e-05,
  "L29H0": 0.00437962962962963,
  "L29H1": 0.0018981481481481482,
  "L29H2": 0.0037685185185185187,
  "L29H3": 0.006814814814814815,
  "L29H4": 2.777777777777778e-05,
  "L29H5": 1.8518518518518518e-05,
  "L29H6": 0.002777777777777778,
  "L29H7": 3.7037037037037037e-05,
  "L30H0": 0.0002777777777777778,
  "L30H1": 0.0038425925925925928,
  "L30H2": 0.002648148148148148,
  "L30H3": 7.407407407407407e-05,
  "L30H4": 0.0009166666666666666,