{
  "L0H0": 0.018851902173913044,
  "L0H1": 0.005755585748792271,
  "L0H2": 0.007095410628019324,
  "L0H3": 0.005566878019323671,
  "L0H4": 0.008171044685990338,
  "L0H5": 0.008114432367149758,
  "L0H6": 0.004019474637681159,
  "L0H7": 0.004264794685990338,
  "L1H0": 0.0035854468599033815,
  "L1H1": 0.006057518115942029,
  "L1H2": 0.001585144927536232,
  "L1H3": 0.0026607789855072465,
  "L1H4": 0.0020757850241545895,
  "L1H5": 0.0019059480676328502,
  "L1H6": 0.0013398248792270532,
  "L1H7": 0.007152022946859903,
  "L2H0": 0.000396286231884058,
  "L2H1": 0.00043402777777777775,
  "L2H2": 0.0007548309178743961,
  "L2H3": 0.0010756340579710145,
  "L2H4": 0.0006982185990338164,
  "L2H5": 0.0007359601449275362,
  "L2H6": 0.00037741545893719806,
  "L2H7": 0.011964070048309178,
  "L3H0": 0.00033967391304347825,
  "L3H1": 0.006567028985507246,
  "L3H2": 0.0009435386473429951,
  "L3H3": 0.00392512077294686,
  "L3H4": 0.0004528985507246377,
  "L3H5": 0.0006038647342995169,
  "L3H6": 0.00033967391304347825,
  "L3H7": 0.00033967391304347825,
  "L4H0": 0.0006604770531400966,
  "L4H1": 0.001358695652173913,
  "L4H2": 0.00030193236714975844,
  "L4H3": 0.00028306159420289856,
  "L4H4": 0.00028306159420289856,
  "L4H5": 0.00047176932367149757,
  "L4H6": 0.00028306159420289856,
  "L4H7": 0.0013020833333333333,
  "L5H0": 0.0006604770531400966,
  "L5H1": 0.00030193236714975844,
  "L5H2": 0.0009246678743961353,
  "L5H3": 0.004981884057971014,
  "L5H4": 0.00030193236714975844,
  "L5H5": 0.00030193236714975844,
  "L5H6": 0.00030193236714975844,
  "L5H7": 0.0005661231884057971,
  "L6H0": 0.00030193236714975844,
  "L6H1": 0.0006604770531400966,
  "L6H2": 0.001188858695652174,
  "L6H3": 0.00032080314009661837,
  "L6H4": 0.00033967391304347825,
  "L6H5": 0.00028306159420289856,
  "L6H6": 0.00047176932367149757,
  "L6H7": 0.0003585446859903382,
  "L7H0": 0.001000150966183575,
  "L7H1": 0.027909873188405796,
  "L7H2": 0.0030759359903381645,
  "L7H3": 0.0018870772946859903,
  "L7H4": 0.004604468599033816,
  "L7H5": 0.007170893719806763,
  "L7H6": 0.0031891606280193235,
  "L7H7": 0.00577445652173913,
  "L8H0": 0.003094806763285024,
  "L8H1": 0.0032080314009661835,
  "L8H2": 0.0028683574879227055,
  "L8H3": 0.0027928743961352655,
  "L8H4": 0.005623490338164251,
  "L8H5": 0.003170289855072464,
  "L8H6": 0.002377717391304348,
  "L8H7": 0.0018304649758454107,
  "L9H0": 0.001566274154589372,
  "L9H1": 0.0019248188405797102,
  "L9H2": 0.009322161835748792,
  "L9H3": 0.002189009661835749,
  "L9H4": 0.01596467391304348,
  "L9H5": 0.0016606280193236715,
  "L9H6": 0.0017927234299516908,
  "L9H7": 0.01568161231884058,
  "L10H0": 0.007586050724637681,
  "L10H1": 0.004981884057971014,
  "L10H2": 0.004151570048309179,
  "L10H3": 0.003094806763285024,
  "L10H4": 0.0020191727053140095,
  "L10H5": 0.002132397342995169,
  "L10H6": 0.003547705314009662,
  "L10H7": 0.0032646437198067635,
  "L11H0": 0.002339975845410628,
  "L11H1": 0.0035665760869565215,
  "L11H2": 0.016228864734299516,
  "L11H3": 0.003113677536231884,
  "L11H4": 0.004038345410628019,
  "L11H5": 0.005095108695652174,
  "L11H6": 0.0040006038647343,
  "L11H7": 0.003113677536231884,
  "L12H0": 0.005038496376811594,
  "L12H1": 0.002717391304347826,
  "L12H2": 0.0026419082125603865,
  "L12H3": 0.0030193236714975845,
  "L12H4": 0.0015285326086956522,
  "L12H5": 0.0024720712560386475,
  "L12H6": 0.01154891304347826,
  "L12H7": 0.007095410628019324,
  "L13H0": 0.005717844202898551,
  "L13H1": 0.0005661231884057971,
  "L13H2": 0.011284722222222222,
  "L13H3": 0.024173460144927536,
  "L13H4": 0.0036043176328502415,
  "L13H5": 0.0024154589371980675,
  "L13H6": 0.0022267512077294685,
  "L13H7": 0.015625,
  "L14H0": 0.006963315217391304,
  "L14H1": 0.003528834541062802,
  "L14H2": 0.0031891606280193235,
  "L14H3": 0.009303291062801932,
  "L14H4": 0.002566425120772947,
  "L14H5": 0.004774305555555556,
  "L14H6": 0.004094957729468599,
  "L14H7": 0.0009057971014492754,
  "L15H0": 0.0018115942028985507,
  "L15H1": 0.005472524154589372,
  "L15H2": 0.013945501207729468,
  "L15H3": 0.007586050724637681,
  "L15H4": 0.003547705314009662,
  "L15H5": 0.003736413043478261,
  "L15H6": 0.0034156099033816425,
  "L15H7": 0.003283514492753623,
  "L16H0": 0.002774003623188406,
  "L16H1": 0.0026607789855072465,
  "L16H2": 0.002585295893719807,
  "L16H3": 0.0011133756038647343,
  "L16H4": 0.0016606280193236715,
  "L16H5": 0.008699426328502416,
  "L16H6": 0.0009624094202898551,
  "L16H7": 0.0030759359903381645,
  "L17H0": 0.00198143115942029,
  "L17H1": 0.005698973429951691,
  "L17H2": 0.0003585446859903382,
  "L17H3": 0.004604468599033816,
  "L17H4": 0.004094957729468599,
  "L17H5": 0.006378321256038647,
  "L17H6": 0.010586503623188406,
  "L17H7": 0.000396286231884058,
  "L18H0": 0.00013209541062801931,
  "L18H1": 0.003472222222222222,
  "L18H2": 0.002358846618357488,
  "L18H3": 0.006736865942028986,
  "L18H4": 0.006812349033816425,
  "L18H5": 0.006000905797101449,
  "L18H6": 0.0028494867149758455,
  "L18H7": 0.002755132850241546,
  "L19H0": 0.0018870772946859903,
  "L19H1": 0.0004906400966183575,
  "L19H2": 0.0008303140096618357,
  "L19H3": 0.006378321256038647,
  "L19H4": 0.0005661231884057971,
  "L19H5": 0.00033967391304347825,
  "L19H6": 0.012454710144927536,
  "L19H7": 0.0024720712560386475,
  "L20H0": 0.0005283816425120773,
  "L20H1": 0.00200030193236715,
  "L20H2": 0.00394399154589372,
  "L20H3": 0.008907004830917874,
  "L20H4": 0.008982487922705314,
  "L20H5": 0.007435084541062802,
  "L20H6": 0.002547554347826087,
  "L20H7": 0.008699426328502416,
  "L21H0": 1.8870772946859902e-05,
  "L21H1": 0.001151117149758454,
  "L21H2": 0.012586805555555556,
  "L21H3": 0.00020757850241545894,
  "L21H4": 0.003755283816425121,
  "L21H5": 0.009416515700483092,
  "L21H6": 0.004642210144927536,
  "L21H7": 0.0038118961352657005,
  "L22H0": 0.0006793478260869565,
  "L22H1": 0.00775588768115942,
  "L22H2": 0.001169987922705314,
  "L22H3": 0.000396286231884058,
  "L22H4": 0.0008491847826086956,
  "L22H5": 0.009020229468599034,
  "L22H6": 0.00020757850241545894,
  "L22H7": 0.00033967391304347825,
  "L23H0": 0.0004906400966183575,
  "L23H1": 0.006831219806763285,
  "L23H2": 0.008416364734299516,
  "L23H3": 0.00796346618357488,
  "L23H4": 0.00011322463768115942,
  "L23H5": 0.0016983695652173913,
  "L23H6": 0.00018870772946859903,
  "L23H7": 0.007340730676328502,
  "L24H0": 0.00020757850241545894,
  "L24H1": 0.007321859903381643,
  "L24H2": 0.004472373188405797,
  "L24H3": 0.008812650966183574,
  "L24H4": 0.0024154589371980675,
  "L24H5": 0.010133605072463768,
  "L24H6": 0.0016040157004830918,
  "L24H7": 0.008133303140096618,
  "L25H0": 0.00013209541062801931,
  "L25H1": 0.00022644927536231884,
  "L25H2": 0.006019776570048309,
  "L25H3": 0.00028306159420289856,
  "L25H4": 9.435386473429952e-05,
  "L25H5": 0.0005661231884057971,
  "L25H6": 0.0005472524154589372,
  "L25H7": 0.0023965881642512075,
  "L26H0": 0.00011322463768115942,
  "L26H1": 0.0008114432367149759,
  "L26H2": 1.8870772946859902e-05,
  "L26H3": 0.004321407004830918,
  "L26H4": 0.004208182367149758,
  "L26H5": 0.0006982185990338164,
  "L26H6": 0.006529287439613527,
  "L26H7": 0.005359299516908213,
  "L27H0": 3.7741545893719805e-05,
  "L27H1": 7.548309178743961e-05,
  "L27H2": 0.00020757850241545894,
  "L27H3": 0.0012266002415458937,
  "L27H4": 0.006302838164251208,
  "L27H5": 0.00018870772946859903,
  "L27H6": 0.00015096618357487922,
  "L27H7": 0.0012832125603864735,
  "L28H0": 0.007340730676328502,
  "L28H1": 0.00028306159420289856,
  "L28H2": 0.004245923913043478,
  "L28H3": 0.0030381944444444445,
  "L28H4": 0.003491092995169082,
  "L28H5": 0.004755434782608696,
  "L28H6": 3.7741545893719805e-05,
  "L28H7": 3.7741545893719805e-05,
  "L29H0": 0.007265247584541063,
  "L29H1": 0.002887228260869565,
  "L29H2": 0.007038798309178744,
  "L29H3": 0.008359752415458938,
  "L29H4": 0.00020757850241545894,
  "L29H5": 1.8870772946859902e-05,
  "L29H6": 0.0018115942028985507,
  "L29H7": 7.548309178743961e-05,