{
  "L0H0": 0.015082465277777778,
  "L0H1": 0.004014756944444444,
  "L0H2": 0.005316840277777778,
  "L0H3": 0.004166666666666667,
  "L0H4": 0.004861111111111111,
  "L0H5": 0.003363715277777778,
  "L0H6": 0.0025824652777777777,
  "L0H7": 0.0022786458333333335,
  "L1H0": 0.002191840277777778,
  "L1H1": 0.0022352430555555554,
  "L1H2": 0.0006510416666666666,
  "L1H3": 0.0015190972222222222,
  "L1H4": 0.0008029513888888889,
  "L1H5": 0.0007161458333333333,
  "L1H6": 0.0006727430555555556,
  "L1H7": 0.004535590277777778,
  "L2H0": 0.0003689236111111111,
  "L2H1": 0.00030381944444444445,
  "L2H2": 0.0004123263888888889,
  "L2H3": 0.0006076388888888889,
  "L2H4": 0.0006944444444444445,
  "L2H5": 0.0006076388888888889,
  "L2H6": 0.00030381944444444445,
  "L2H7": 0.014887152777777777,
  "L3H0": 0.0003255208333333333,
  "L3H1": 0.008658854166666667,
  "L3H2": 0.0006944444444444445,
  "L3H3": 0.004253472222222222,
  "L3H4": 0.0004557291666666667,
  "L3H5": 0.0005642361111111111,
  "L3H6": 0.00030381944444444445,
  "L3H7": 0.0003255208333333333,
  "L4H0": 0.0004557291666666667,
  "L4H1": 0.001540798611111111,
  "L4H2": 0.00026041666666666666,
  "L4H3": 0.00026041666666666666,
  "L4H4": 0.00026041666666666666,
  "L4H5": 0.00034722222222222224,
  "L4H6": 0.00026041666666666666,
  "L4H7": 0.001171875,
  "L5H0": 0.0005425347222222222,
  "L5H1": 0.00026041666666666666,
  "L5H2": 0.0006510416666666666,
  "L5H3": 0.005447048611111111,
  "L5H4": 0.00026041666666666666,
  "L5H5": 0.00026041666666666666,
  "L5H6": 0.00026041666666666666,
  "L5H7": 0.0003255208333333333,
  "L6H0": 0.00026041666666666666,
  "L6H1": 0.00047743055555555554,
  "L6H2": 0.0007595486111111111,
  "L6H3": 0.00026041666666666666,
  "L6H4": 0.00026041666666666666,
  "L6H5": 0.00026041666666666666,
  "L6H6": 0.0003689236111111111,
  "L6H7": 0.00028211805555555553,
  "L7H0": 0.001171875,
  "L7H1": 0.030056423611111112,
  "L7H2": 0.001953125,
  "L7H3": 0.0008246527777777778,
  "L7H4": 0.003103298611111111,
  "L7H5": 0.009418402777777777,
  "L7H6": 0.002322048611111111,
  "L7H7": 0.0036024305555555558,
  "L8H0": 0.002191840277777778,
  "L8H1": 0.0024522569444444444,
  "L8H2": 0.002018229166666667,
  "L8H3": 0.0013671875,
  "L8H4": 0.0069010416666666664,
  "L8H5": 0.0016276041666666667,
  "L8H6": 0.0016059027777777777,
  "L8H7": 0.0022569444444444442,
  "L9H0": 0.0010416666666666667,
  "L9H1": 0.0009982638888888888,
  "L9H2": 0.011697048611111111,
  "L9H3": 0.0018446180555555555,
  "L9H4": 0.017903645833333332,
  "L9H5": 0.0016059027777777777,
  "L9H6": 0.0014105902777777778,
  "L9H7": 0.018294270833333334,
  "L10H0": 0.00546875,
  "L10H1": 0.002712673611111111,
  "L10H2": 0.0027994791666666667,
  "L10H3": 0.0020616319444444445,
  "L10H4": 0.0016710069444444444,
  "L10H5": 0.0010850694444444445,
  "L10H6": 0.003537326388888889,
  "L10H7": 0.003125,
  "L11H0": 0.0015625,
  "L11H1": 0.001974826388888889,
  "L11H2": 0.01740451388888889,
  "L11H3": 0.0020616319444444445,
  "L11H4": 0.0018446180555555555,
  "L11H5": 0.0027994791666666667,
  "L11H6": 0.0022786458333333335,
  "L11H7": 0.0020399305555555557,
  "L12H0": 0.002170138888888889,
  "L12H1": 0.0016493055555555556,
  "L12H2": 0.0018880208333333333,
  "L12H3": 0.0019314236111111112,
  "L12H4": 0.001193576388888889,
  "L12H5": 0.0022786458333333335,
  "L12H6": 0.015104166666666667,
  "L12H7": 0.006098090277777778,
  "L13H0": 0.005338541666666667,
  "L13H1": 0.0006076388888888889,
  "L13H2": 0.013519965277777778,
  "L13H3": 0.02966579861111111,
  "L13H4": 0.0029296875,
  "L13H5": 0.0018880208333333333,
  "L13H6": 0.0018663194444444445,
  "L13H7": 0.021245659722222223,
  "L14H0": 0.004383680555555556,
  "L14H1": 0.0026475694444444446,
  "L14H2": 0.002191840277777778,
  "L14H3": 0.010720486111111111,
  "L14H4": 0.0016059027777777777,
  "L14H5": 0.002951388888888889,
  "L14H6": 0.003146701388888889,
  "L14H7": 0.0008897569444444444,
  "L15H0": 0.0010633680555555555,
  "L15H1": 0.004600694444444445,
  "L15H2": 0.022048611111111113,
  "L15H3": 0.0091796875,
  "L15H4": 0.0020616319444444445,
  "L15H5": 0.0024522569444444444,
  "L15H6": 0.0028862847222222224,
  "L15H7": 0.0018012152777777779,
  "L16H0": 0.0024522569444444444,
  "L16H1": 0.0013671875,
  "L16H2": 0.001953125,
  "L16H3": 0.0008680555555555555,
  "L16H4": 0.0010633680555555555,
  "L16H5": 0.013151041666666667,
  "L16H6": 0.0008463541666666667,
  "L16H7": 0.001584201388888889,
  "L17H0": 0.0019097222222222222,
  "L17H1": 0.0072265625,
  "L17H2": 0.00028211805555555553,
  "L17H3": 0.003754340277777778,
  "L17H4": 0.004036458333333334,
  "L17H5": 0.007465277777777778,
  "L17H6": 0.012369791666666666,
  "L17H7": 0.0003255208333333333,
  "L18H0": 0.00010850694444444444,
  "L18H1": 0.003363715277777778,
  "L18H2": 0.0013671875,
  "L18H3": 0.00798611111111111,
  "L18H4": 0.008311631944444444,
  "L18H5": 0.0057942708333333336,
  "L18H6": 0.0020399305555555557,
  "L18H7": 0.0010416666666666667,
  "L19H0": 0.001736111111111111,
  "L19H1": 0.0003689236111111111,
  "L19H2": 0.00026041666666666666,
  "L19H3": 0.007421875,
  "L19H4": 0.0003689236111111111,
  "L19H5": 8.680555555555556e-05,
  "L19H6": 0.019205729166666668,
  "L19H7": 0.0022569444444444442,
  "L20H0": 0.00013020833333333333,
  "L20H1": 0.0016059027777777777,
  "L20H2": 0.0028862847222222224,
  "L20H3": 0.009244791666666667,
  "L20H4": 0.011371527777777777,
  "L20H5": 0.011197916666666667,
  "L20H6": 0.003949652777777778,
  "L20H7": 0.010004340277777777,
  "L21H0": 4.340277777777778e-05,
  "L21H1": 0.0007378472222222222,
  "L21H2": 0.015342881944444444,
  "L21H3": 0.00026041666666666666,
  "L21H4": 0.002994791666666667,
  "L21H5": 0.011046006944444445,
  "L21H6": 0.003103298611111111,
  "L21H7": 0.0024305555555555556,
  "L22H0": 0.0003689236111111111,
  "L22H1": 0.008984375,
  "L22H2": 0.0004991319444444444,
  "L22H3": 0.0003255208333333333,
  "L22H4": 0.0006076388888888889,
  "L22H5": 0.016080729166666665,
  "L22H6": 0.00017361111111111112,
  "L22H7": 0.00015190972222222222,
  "L23H0": 0.0003255208333333333,
  "L23H1": 0.012977430555555556,
  "L23H2": 0.010112847222222223,
  "L23H3": 0.009092881944444445,
  "L23H4": 8.680555555555556e-05,
  "L23H5": 0.001584201388888889,
  "L23H6": 0.00015190972222222222,
  "L23H7": 0.008116319444444445,
  "L24H0": 0.00017361111111111112,
  "L24H1": 0.010394965277777777,
  "L24H2": 0.0040581597222222225,
  "L24H3": 0.009071180555555556,
  "L24H4": 0.001388888888888889,
  "L24H5": 0.016297743055555557,
  "L24H6": 0.0013671875,
  "L24H7": 0.00920138888888889,
  "L25H0": 0.00015190972222222222,
  "L25H1": 0.00017361111111111112,
  "L25H2": 0.005121527777777778,
  "L25H3": 0.00015190972222222222,
  "L25H4": 6.510416666666667e-05,
  "L25H5": 0.00034722222222222224,
  "L25H6": 0.00015190972222222222,
  "L25H7": 0.0029730902777777776,
  "L26H0": 6.510416666666667e-05,
  "L26H1": 0.00026041666666666666,
  "L26H2": 4.340277777777778e-05,
  "L26H3": 0.004991319444444444,
  "L26H4": 0.0034505208333333332,
  "L26H5": 0.0003689236111111111,
  "L26H6": 0.004427083333333333,
  "L26H7": 0.004340277777777778,
  "L27H0": 4.340277777777778e-05,
  "L27H1": 4.340277777777778e-05,
  "L27H2": 0.00010850694444444444,
  "L27H3": 0.0005208333333333333,
  "L27H4": 0.005425347222222222,
  "L27H5": 8.680555555555556e-05,
  "L27H6": 0.00013020833333333333,
  "L27H7": 0.0005642361111111111,
  "L28H0": 0.008897569444444444,
  "L28H1": 0.0001953125,
  "L28H2": 0.0037977430555555555,
  "L28H3": 0.0020616319444444445,
  "L28H4": 0.0025173611111111113,
  "L28H5": 0.007465277777777778,
  "L28H6": 6.510416666666667e-05,
  "L28H7": 4.340277777777778e-05,
  "L29H0": 0.006640625,
  "L29H1": 0.002777777777777778,
  "L29H2": 0.0134765625,
  "L29H3": 0.012782118055555555,
  "L29H4": 8.680555555555556e-05,
  "L29H5": 4.340277777777778e-05,
  "L29H6": 0.0013237847222222223,
  "L29H7": 8.680555555555556e-05,
  "L30H0": 0.00017361111111111112,
  "L30H1": 0.006206597222222222,
  "L30H2": 0.0039713541666666664,
  "L30H3": 0.00010850694444444444,