{
  "L0H0": 0.026473491257755218,
  "L0H1": 0.005534404963338973,
  "L0H2": 0.007561336717428088,
  "L0H3": 0.00731457980823463,
  "L0H4": 0.008072476029328821,
  "L0H5": 0.01462915961646926,
  "L0H6": 0.004829385222786238,
  "L0H7": 0.0027672024816694867,
  "L1H0": 0.0034898477157360407,
  "L1H1": 0.004106739988719684,
  "L1H2": 0.001727298364354202,
  "L1H3": 0.002961082910321489,
  "L1H4": 0.001321912013536379,
  "L1H5": 0.0013571630005640158,
  "L1H6": 0.001180908065425832,
  "L1H7": 0.0055872814438804284,
  "L2H0": 0.0003877608573040045,
  "L2H1": 0.00054639029892837,
  "L2H2": 0.0007226452340665538,
  "L2H3": 0.001004653130287648,
  "L2H4": 0.0008460236886632825,
  "L2H5": 0.0007578962210941907,
  "L2H6": 0.00042301184433164127,
  "L2H7": 0.011562323745064862,
  "L3H0": 0.00037013536379018613,
  "L3H1": 0.005181895093062606,
  "L3H2": 0.0014629159616469261,
  "L3H3": 0.003789481105470953,
  "L3H4": 0.0006345177664974619,
  "L3H5": 0.0008989001692047377,
  "L3H6": 0.00033488437676254936,
  "L3H7": 0.0003525098702763677,
  "L4H0": 0.001004653130287648,
  "L4H1": 0.0015157924421883814,
  "L4H2": 0.0002996333897349126,
  "L4H3": 0.0002820078962210942,
  "L4H4": 0.0002996333897349126,
  "L4H5": 0.0005111393119007332,
  "L4H6": 0.0002820078962210942,
  "L4H7": 0.0017625493513818387,
  "L5H0": 0.0007050197405527354,
  "L5H1": 0.0002996333897349126,
  "L5H2": 0.0007050197405527354,
  "L5H3": 0.004265369430344049,
  "L5H4": 0.0002820078962210942,
  "L5H5": 0.0002996333897349126,
  "L5H6": 0.0002996333897349126,
  "L5H7": 0.0004406373378454597,
  "L6H0": 0.0002996333897349126,
  "L6H1": 0.00047588832487309646,
  "L6H2": 0.001692047377326565,
  "L6H3": 0.0006168922729836436,
  "L6H4": 0.0002996333897349126,
  "L6H5": 0.0002996333897349126,
  "L6H6": 0.0003525098702763677,
  "L6H7": 0.0004406373378454597,
  "L7H0": 0.0015334179357021996,
  "L7H1": 0.02698463056965595,
  "L7H2": 0.0032959672870840383,
  "L7H3": 0.0025204455724760293,
  "L7H4": 0.005604906937394247,
  "L7H5": 0.008389734912577553,
  "L7H6": 0.0030844613649182178,
  "L7H7": 0.00731457980823463,
  "L8H0": 0.004230118443316413,
  "L8H1": 0.004124365482233503,
  "L8H2": 0.003648477157360406,
  "L8H3": 0.0027495769881556685,
  "L8H4": 0.007085448392554991,
  "L8H5": 0.0031902143260011282,
  "L8H6": 0.002961082910321489,
  "L8H7": 0.0031197123519458546,
  "L9H0": 0.0018506768189509306,
  "L9H1": 0.0020269317540891145,
  "L9H2": 0.009323886068809926,
  "L9H3": 0.00327834179357022,
  "L9H4": 0.014065143824027073,
  "L9H5": 0.002961082910321489,
  "L9H6": 0.003366469261139312,
  "L9H7": 0.014012267343485617,
  "L10H0": 0.00863649182177101,
  "L10H1": 0.004758883248730965,
  "L10H2": 0.00502326565143824,
  "L10H3": 0.004159616469261139,
  "L10H4": 0.0023970671178793006,
  "L10H5": 0.0024675690919345743,
  "L10H6": 0.004952763677382966,
  "L10H7": 0.0040362380146644105,
  "L11H0": 0.00273195149464185,
  "L11H1": 0.004318245910885505,
  "L11H2": 0.014047518330513254,
  "L11H3": 0.004282994923857868,
  "L11H4": 0.00447687535250987,
  "L11H5": 0.005728285391990976,
  "L11H6": 0.0042477439368302315,
  "L11H7": 0.004018612521150592,
  "L12H0": 0.0034898477157360407,
  "L12H1": 0.003736604624929498,
  "L12H2": 0.003948110547095319,
  "L12H3": 0.003736604624929498,
  "L12H4": 0.0024675690919345743,
  "L12H5": 0.0031373378454596728,
  "L12H6": 0.010240411731528483,
  "L12H7": 0.007949097574732092,
  "L13H0": 0.007296954314720812,
  "L13H1": 0.0006345177664974619,
  "L13H2": 0.010751551043429217,
  "L13H3": 0.02363578680203046,
  "L13H4": 0.005375775521714608,
  "L13H5": 0.0027848279751833053,
  "L13H6": 0.0024323181049069375,
  "L13H7": 0.015052171460800902,
  "L14H0": 0.0077728426395939085,
  "L14H1": 0.005393401015228426,
  "L14H2": 0.003983361534122955,
  "L14H3": 0.007808093626621546,
  "L14H4": 0.0030315848843767627,
  "L14H5": 0.00481175972927242,
  "L14H6": 0.005604906937394247,
  "L14H7": 0.00109278059785674,
  "L15H0": 0.0018506768189509306,
  "L15H1": 0.006697687535250987,
  "L15H2": 0.012020586576424139,
  "L15H3": 0.00884799774393683,
  "L15H4": 0.0038952340665538636,
  "L15H5": 0.003877608573040045,
  "L15H6": 0.00458262831359278,
  "L15H7": 0.003331218274111675,
  "L16H0": 0.00481175972927242,
  "L16H1": 0.002696700507614213,
  "L16H2": 0.0024675690919345743,
  "L16H3": 0.0016567963902989285,
  "L16H4": 0.0017096728708403835,
  "L16H5": 0.008971376198533559,
  "L16H6": 0.0008989001692047377,
  "L16H7": 0.0031902143260011282,
  "L17H0": 0.0022031866892272983,
  "L17H1": 0.005992667794698252,
  "L17H2": 0.0003877608573040045,
  "L17H3": 0.00481175972927242,
  "L17H4": 0.0043006204173716865,
  "L17H5": 0.005534404963338973,
  "L17H6": 0.011826706147772138,
  "L17H7": 0.0003877608573040045,
  "L18H0": 0.00010575296108291032,
  "L18H1": 0.004494500846023689,
  "L18H2": 0.003313592780597857,
  "L18H3": 0.006821065989847715,
  "L18H4": 0.007402707275803722,
  "L18H5": 0.005604906937394247,
  "L18H6": 0.004318245910885505,
  "L18H7": 0.0031725888324873096,
  "L19H0": 0.0035956006768189507,
  "L19H1": 0.00047588832487309646,
  "L19H2": 0.0005992667794698252,
  "L19H3": 0.007120699379582629,
  "L19H4": 0.00042301184433164127,
  "L19H5": 0.00017625493513818386,
  "L19H6": 0.008812746756909193,
  "L19H7": 0.0037542301184433162,
  "L20H0": 0.0005816412859560067,
  "L20H1": 0.0013571630005640158,
  "L20H2": 0.0036308516638465876,
  "L20H3": 0.008830372250423012,
  "L20H4": 0.009694021432600113,
  "L20H5": 0.005234771573604061,
  "L20H6": 0.0006521432600112803,
  "L20H7": 0.008513113367174282,
  "L21H0": 5.287648054145516e-05,
  "L21H1": 0.0009870276367738298,
  "L21H2": 0.011121686407219403,
  "L21H3": 0.0003525098702763677,
  "L21H4": 0.005393401015228426,
  "L21H5": 0.00764946418499718,
  "L21H6": 0.0046178793006204175,
  "L21H7": 0.0035779751833051325,
  "L22H0": 0.0007050197405527354,
  "L22H1": 0.008689368302312464,
  "L22H2": 0.0012690355329949238,
  "L22H3": 0.0005816412859560067,
  "L22H4": 0.0010399041173152848,
  "L22H5": 0.005340524534686971,
  "L22H6": 0.00021150592216582064,
  "L22H7": 0.00021150592216582064,
  "L23H0": 0.0005111393119007332,
  "L23H1": 0.00481175972927242,
  "L23H2": 0.009147631133671744,
  "L23H3": 0.009094754653130288,
  "L23H4": 8.812746756909193e-05,
  "L23H5": 0.0009694021432600112,
  "L23H6": 0.0002643824027072758,
  "L23H7": 0.006856316976875353,
  "L24H0": 8.812746756909193e-05,
  "L24H1": 0.005798787366046249,
  "L24H2": 0.003912859560067682,
  "L24H3": 0.009094754653130288,
  "L24H4": 0.0028024534686971235,
  "L24H5": 0.006979695431472081,
  "L24H6": 0.0017801748448956572,
  "L24H7": 0.006909193457416808,
  "L25H0": 0.00010575296108291032,
  "L25H1": 0.0001410039481105471,
  "L25H2": 0.0064861816130851666,
  "L25H3": 0.0003877608573040045,
  "L25H4": 0.00017625493513818386,
  "L25H5": 0.0008460236886632825,
  "L25H6": 0.00045826283135927805,
  "L25H7": 0.001956429780033841,
  "L26H0": 7.050197405527355e-05,
  "L26H1": 0.0005816412859560067,
  "L26H2": 3.525098702763678e-05,
  "L26H3": 0.0027495769881556685,
  "L26H4": 0.004053863508178229,
  "L26H5": 0.0009517766497461929,
  "L26H6": 0.006732938522278624,
  "L26H7": 0.00491751269035533,
  "L27H0": 3.525098702763678e-05,
  "L27H1": 0.00012337845459672872,
  "L27H2": 0.00010575296108291032,
  "L27H3": 0.0010751551043429216,
  "L27H4": 0.005428652002256063,
  "L27H5": 0.00012337845459672872,
  "L27H6": 8.812746756909193e-05,
  "L27H7": 0.0013042865200225606,
  "L28H0": 0.005446277495769882,
  "L28H1": 0.00019388042865200225,
  "L28H2": 0.004194867456288776,
  "L28H3": 0.0019035532994923859,
  "L28H4": 0.003049210377890581,
  "L28H5": 0.0028553299492385786,
  "L28H6": 3.525098702763678e-05,
  "L28H7": 3.525098702763678e-05,
  "L29H0": 0.004935138183869149,
  "L29H1": 0.002097433728144388,
  "L29H2": 0.0040891144952058655,
  "L29H3": 0.006292301184433164,
  "L29H4": 0.00012337845459672872,
  "L29H5": 3.525098702763678e-05,
  "L29H6": 0.002996333897349126,
  "L29H7": 3.525098702763678e-05,
  "L30H0": 0.00019388042865200225,