{
  "L0H0": 0.017090632347391024,
  "L0H1": 0.005593418566631833,
  "L0H2": 0.007079927192128134,
  "L0H3": 0.005052841997672311,
  "L0H4": 0.007022112841605002,
  "L0H5": 0.007604854948116337,
  "L0H6": 0.003488509192401358,
  "L0H7": 0.003812126225164156,
  "L10H0": 0.005931916965106456,
  "L10H1": 0.0033283359783125763,
  "L10H2": 0.0031734906753571337,
  "L10H3": 0.0026917305035261143,
  "L10H4": 0.0017810491630172193,
  "L10H5": 0.001674999569369832,
  "L10H6": 0.004400109313181349,
  "L10H7": 0.0032336069831611094,
  "L11H0": 0.002168408374149502,
  "L11H1": 0.002938746920353906,
  "L11H2": 0.0145868026453635,
  "L11H3": 0.003249453029357036,
  "L11H4": 0.002950590316667396,
  "L11H5": 0.0040745324335718135,
  "L11H6": 0.0032221132994836596,
  "L11H7": 0.0024995534711150388,
  "L12H0": 0.0032404813746630657,
  "L12H1": 0.0025155746644051984,
  "L12H2": 0.002863723201391847,
  "L12H3": 0.002841252703914798,
  "L12H4": 0.0016818317251970523,
  "L12H5": 0.0025495443576169776,
  "L12H6": 0.0123304822810671,
  "L12H7": 0.006970924342136595,
  "L13H0": 0.006230329471139768,
  "L13H1": 0.0008278284479371863,
  "L13H2": 0.011667394844069156,
  "L13H3": 0.025158527240964935,
  "L13H4": 0.0042689617921250105,
  "L13H5": 0.002210248460961358,
  "L13H6": 0.001900940318993831,
  "L13H7": 0.017270074799124895,
  "L14H0": 0.005665265750250682,
  "L14H1": 0.004004540787754923,
  "L14H2": 0.0026783009108841843,
  "L14H3": 0.009268711851770844,
  "L14H4": 0.0022036281897300234,
  "L14H5": 0.003747796681123012,
  "L14H6": 0.004139047191160159,
  "L14H7": 0.0007305405524002084,
  "L15H0": 0.0014610736568763326,
  "L15H1": 0.005814969457496566,
  "L15H2": 0.01571820019295619,
  "L15H3": 0.008273469484102184,
  "L15H4": 0.0031161044550669474,
  "L15H5": 0.0030443308730896553,
  "L15H6": 0.0032450650554455797,
  "L15H7": 0.002803566433042137,
  "L16H0": 0.0032750665383501896,
  "L16H1": 0.002039707504684015,
  "L16H2": 0.0019330231826079319,
  "L16H3": 0.0012627048886025105,
  "L16H4": 0.001409599883235722,
  "L16H5": 0.010379915864050947,
  "L16H6": 0.0008863076233189537,
  "L16H7": 0.002415860558702898,
  "L17H0": 0.0022711511680683,
  "L17H1": 0.006338448894060257,
  "L17H2": 0.000362195861053494,
  "L17H3": 0.004588044177891092,
  "L17H4": 0.004288942301933595,
  "L17H5": 0.006442478043498188,
  "L17H6": 0.011505743909020679,
  "L17H7": 0.00036748268405397707,
  "L18H0": 0.00012099400206305058,
  "L18H1": 0.003863446248777931,
  "L18H2": 0.002252935667069286,
  "L18H3": 0.007455801201739297,
  "L18H4": 0.007501739118658722,
  "L18H5": 0.0056026192407454285,
  "L18H6": 0.003222770779920946,
  "L18H7": 0.002291864833410694,
  "L19H0": 0.002787519565363948,
  "L19H1": 0.0003806231032811998,
  "L19H2": 0.0005170851705618574,
  "L19H3": 0.007438582552532265,
  "L19H4": 0.00039517892351136356,
  "L19H5": 0.00016841582405218358,
  "L19H6": 0.013693019436065514,
  "L19H7": 0.002988274320184236,
  "L1H0": 0.0025541757092338,
  "L1H1": 0.0035578610377654807,
  "L1H2": 0.0011183085639761357,
  "L1H3": 0.002138672916184016,
  "L1H4": 0.001337008018456097,
  "L1H5": 0.0012762139174529994,
  "L1H6": 0.0010593815414061043,
  "L1H7": 0.005286493261670211,
  "L20H0": 0.00040031872426441785,
  "L20H1": 0.0016847025096348913,
  "L20H2": 0.003714964940116977,
  "L20H3": 0.009572244358762062,
  "L20H4": 0.010879528238377532,
  "L20H5": 0.00843514873239739,
  "L20H6": 0.0027498895576689377,
  "L20H7": 0.00936230628362544,
  "L21H0": 4.0812155127569124e-05,
  "L21H1": 0.001345012304906647,
  "L21H2": 0.013446958679792963,
  "L21H3": 0.00024903764720124363,
  "L21H4": 0.004276902960291172,
  "L21H5": 0.00984568670190358,
  "L21H6": 0.004385734853391844,
  "L21H7": 0.0035496338728401773,
  "L22H0": 0.000606300519431758,
  "L22H1": 0.00876335542485288,
  "L22H2": 0.0008256560135072456,
  "L22H3": 0.000402627498438465,
  "L22H4": 0.0007542555538898829,
  "L22H5": 0.010824810382062731,
  "L22H6": 0.0001748041255066295,
  "L22H7": 0.0002263789729339096,
  "L23H0": 0.000406521172821389,
  "L23H1": 0.009162295628224683,
  "L23H2": 0.009494759675529707,
  "L23H3": 0.009151230313977562,
  "L23H4": 9.09310703343904e-05,
  "L23H5": 0.0017850366796216429,
  "L23H6": 0.00016403648653847186,
  "L23H7": 0.008101254522091343,
  "L24H0": 0.0001860284926889692,
  "L24H1": 0.008343025536087765,
  "L24H2": 0.00459967637665149,
  "L24H3": 0.009539965668410508,
  "L24H4": 0.002090054705569374,
  "L24H5": 0.011625836578715392,
  "L24H6": 0.001681242160995227,
  "L24H7": 0.008513144557050538,
  "L25H0": 0.00014216340392025166,
  "L25H1": 0.000328311175046296,
  "L25H2": 0.005848632370462071,
  "L25H3": 0.0002804496856134539,
  "L25H4": 0.00010155245048812057,
  "L25H5": 0.0006073784816360492,
  "L25H6": 0.0003794968883421987,
  "L25H7": 0.0027550859182126053,
  "L26H0": 6.800328329869623e-05,
  "L26H1": 0.0007289253243536167,
  "L26H2": 2.715686888345039e-05,
  "L26H3": 0.00465218045454292,
  "L26H4": 0.004069555090654199,
  "L26H5": 0.0009914430431373607,
  "L26H6": 0.006010573202190873,
  "L26H7": 0.004646347071542484,
  "L27H0": 5.2345794019144876e-05,
  "L27H1": 7.687044677217247e-05,
  "L27H2": 0.00013591827086311114,
  "L27H3": 0.0009250905020442585,
  "L27H4": 0.005848968755430001,
  "L27H5": 0.00014112166908593875,
  "L27H6": 0.00015838680357204682,
  "L27H7": 0.0013189427316646313,
  "L28H0": 0.007656650210912441,
  "L28H1": 0.00016910361129516004,
  "L28H2": 0.0039297953812294,
  "L28H3": 0.002044200724172984,
  "L28H4": 0.003410219247894721,
  "L28H5": 0.005591661448644286,
  "L28H6": 3.843007874733396e-05,
  "L28H7": 2.9043946178136376e-05,
  "L29H0": 0.006278756264972185,
  "L29H1": 0.003191491551832988,
  "L29H2": 0.009093383195946676,
  "L29H3": 0.010188222382675319,
  "L29H4": 0.00010795473157775712,
  "L29H5": 2.805874478532629e-05,
  "L29H6": 0.002475078280031958,
  "L29H7": 7.303048737739237e-05,
  "L2H0": 0.00036600733540366264,
  "L2H1": 0.0004248256766763403,
  "L2H2": 0.0006706808279458194,
  "L2H3": 0.0008379806835060788,
  "L2H4": 0.0007041812238707561,
  "L2H5": 0.000670111768088478,
  "L2H6": 0.000401914200253534,
  "L2H7": 0.012823400149699248,
  "L30H0": 0.00020857237996903076,
  "L30H1": 0.005214856611584065,
  "L30H2": 0.004174398642685636,
  "L30H3": 0.0001249917676054957,
  "L30H4": 0.0006538580741381478,
  "L30H5": 0.00014372103479898685,
  "L30H6": 0.004635047955592084,
  "L30H7": 2.715686888345039e-05,
  "L31H0": 0.000530209313518715,
  "L31H1": 0.0044916527639457336,
  "L31H2": 0.00047577535853875804,
  "L31H3": 0.0034498894895142996,
  "L31H4": 8.603411643213868e-05,
  "L31H5": 0.0008817240805376414,
  "L31H6": 7.605242224009083e-05,
  "L31H7": 0.006522502421179227,
  "L32H0": 0.0046420488685511045,
  "L32H1": 0.003031150466268352,
  "L32H2": 0.005328570841569229,
  "L32H3": 0.00019144393495783995,
  "L32H4": 8.409793752405025e-05,
  "L32H5": 0.00013856530146374356,
  "L32H6": 0.0001002380970234744,
  "L32H7": 2.805874478532629e-05,
  "L33H0": 0.00017031492873374567,
  "L33H1": 0.0013201625717138414,
  "L33H2": 0.003198344305061377,
  "L33H3": 0.004779163337939193,
  "L33H4": 0.004412780638322874,
  "L33H5": 0.0016266455882200856,
  "L33H6": 3.614119903010622e-05,
  "L33H7": 0.00655540119552466,
  "L34H0": 0.004442174720935299,
  "L34H1": 0.0015967628489565913,
  "L34H2": 0.0005297624390678028,
  "L34H3": 2.805874478532629e-05,
  "L34H4": 0.0014415387009342226,
  "L34H5": 0.0008784027572299047,
  "L34H6": 2.805874478532629e-05,
  "L34H7": 0.005421351861383769,
  "L35H0": 0.005497802217583768,
  "L35H1": 0.002638084284052342,
  "L35H2": 0.0011848820812373243,
  "L35H3": 0.0024479904912227055,
  "L35H4": 0.0028414608997569517,
  "L35H5": 0.002815969507607374,
  "L35H6": 0.0016991159450553677,
  "L35H7": 0.00033101858215904155,
  "L3H0": 0.00038340397484053543,
  "L3H1": 0.0070732507167217615,
  "L3H2": 0.000995445074241534,
  "L3H3": 0.004181148294238079,
  "L3H4": 0.0004964171788743755,
  "L3H5": 0.0006784322048329369,
  "L3H6": 0.00033352561396239155,